img_path,dataset
styleclip/fake/01536.jpg,styleclip
starganv2/real/378.jpg,real
stargan/fake/fake/1675.jpg,stargan
stargan/real/real/1044.jpg,real
starganv2/real/1146.jpg,real
CollabDiff/fake/679/000000_x_0.png,CollabDiff
styleclip/fake/02418.jpg,styleclip
stargan/fake/fake/1504.jpg,stargan
stargan/real/real/242.jpg,real
styleclip/real/081666.jpg,real
CollabDiff/real/158381.jpg,real
CollabDiff/real/052849.jpg,real
stargan/real/real/610.jpg,real
MidJourney/MidJourney/real/50620.jpg,MidJourney
starganv2/fake/1502.jpg,starganv2
starganv2/real/377.jpg,real
styleclip/fake/01140.jpg,styleclip
CollabDiff/fake/870/000000_x_0.png,CollabDiff
starganv2/real/697.jpg,real
CollabDiff/fake/50/000000_x_0.png,CollabDiff
MidJourney/MidJourney/fake/13592447708_Single_person_South_Asian_male_looking_at_the_camer_63679239-ec25-4df1-b04f-e2ed0dbe6afe_04.gif,MidJourney
stargan/real/real/385.jpg,real
CollabDiff/fake/926/000000_x_0.png,CollabDiff
starganv2/fake/722.jpg,starganv2
starganv2/fake/1343.jpg,starganv2
starganv2/fake/1704.jpg,starganv2
whichfaceisreal/real/00621.jpeg,real
stargan/real/real/1487.jpg,real
stargan/fake/fake/331.jpg,stargan
MidJourney/MidJourney/real/31112.jpg,MidJourney
stargan/fake/fake/1150.jpg,stargan
stargan/fake/fake/780.jpg,stargan
styleclip/fake/00753.jpg,styleclip
whichfaceisreal/real/00089.jpeg,real
styleclip/fake/00692.jpg,styleclip
MidJourney/MidJourney/real/65067.jpg,MidJourney
whichfaceisreal/fake/991.png,whichfaceisreal
starganv2/fake/66.jpg,starganv2
whichfaceisreal/fake/782.png,whichfaceisreal
CollabDiff/real/114616.jpg,real
styleclip/fake/00587.jpg,styleclip
stargan/fake/fake/1212.jpg,stargan
starganv2/real/520.jpg,real
whichfaceisreal/fake/97.png,whichfaceisreal
stargan/real/real/399.jpg,real
stargan/fake/fake/477.jpg,stargan
MidJourney/MidJourney/real/32973.jpg,MidJourney
styleclip/fake/01371.jpg,styleclip
starganv2/real/1990.jpg,real
stargan/fake/fake/1057.jpg,stargan
stargan/real/real/1435.jpg,real
stargan/fake/fake/1147.jpg,stargan
stargan/real/real/614.jpg,real
styleclip/fake/01333.jpg,styleclip
styleclip/fake/00695.jpg,styleclip
starganv2/real/741.jpg,real
CollabDiff/fake/160/000000_x_0.png,CollabDiff
whichfaceisreal/fake/361.png,whichfaceisreal
starganv2/fake/1773.jpg,starganv2
stargan/real/real/224.jpg,real
whichfaceisreal/real/00759.jpeg,real
styleclip/fake/00387.jpg,styleclip
stargan/fake/fake/1023.jpg,stargan
whichfaceisreal/real/01000.jpeg,real
styleclip/fake/01199.jpg,styleclip
whichfaceisreal/fake/310.png,whichfaceisreal
MidJourney/MidJourney/fake/13592447708_Single_person_South_Asian_female_looking_at_the_cam_d3f84e33-2d57-460a-8878-a1f48e026051_01.gif,MidJourney
CollabDiff/fake/86/000000_x_0.png,CollabDiff
starganv2/fake/259.jpg,starganv2
starganv2/real/616.jpg,real
stargan/real/real/1926.jpg,real
styleclip/fake/00238.jpg,styleclip
stargan/fake/fake/728.jpg,stargan
stargan/fake/fake/1533.jpg,stargan
whichfaceisreal/fake/604.png,whichfaceisreal
whichfaceisreal/real/00055.jpeg,real
stargan/fake/fake/198.jpg,stargan
stargan/fake/fake/804.jpg,stargan
stargan/real/real/522.jpg,real
stargan/real/real/833.jpg,real
stargan/real/real/943.jpg,real
styleclip/fake/00186.jpg,styleclip
styleclip/fake/02714.jpg,styleclip
whichfaceisreal/real/00307.jpeg,real
starganv2/fake/1693.jpg,starganv2
starganv2/fake/358.jpg,starganv2
whichfaceisreal/fake/998.png,whichfaceisreal
MidJourney/MidJourney/fake/13592447708_Clean_East_Asian_female_face_face_only_shown_face_c_f0c83233-821d-4bcd-9840-c7588cd69ae9.png,MidJourney
styleclip/fake/00913.jpg,styleclip
styleclip/fake/00540.jpg,styleclip
starganv2/fake/104.jpg,starganv2
stargan/real/real/1432.jpg,real
stargan/fake/fake/1884.jpg,stargan
stargan/fake/fake/38.jpg,stargan
starganv2/real/990.jpg,real
styleclip/fake/00547.jpg,styleclip
stargan/fake/fake/850.jpg,stargan
MidJourney/MidJourney/real/51277.jpg,MidJourney
stargan/fake/fake/1351.jpg,stargan
stargan/real/real/718.jpg,real
starganv2/fake/371.jpg,starganv2
stargan/fake/fake/1529.jpg,stargan
CollabDiff/fake/840/000000_x_0.png,CollabDiff
starganv2/real/260.jpg,real
whichfaceisreal/real/00984.jpeg,real
starganv2/real/594.jpg,real
styleclip/real/007679.jpg,real
styleclip/fake/02566.jpg,styleclip
styleclip/fake/02434.jpg,styleclip
whichfaceisreal/fake/150.png,whichfaceisreal
stargan/real/real/215.jpg,real
styleclip/real/199926.jpg,real
stargan/real/real/1271.jpg,real
starganv2/real/993.jpg,real
whichfaceisreal/fake/184.png,whichfaceisreal
MidJourney/MidJourney/real/18956.jpg,MidJourney
styleclip/real/162805.jpg,real
CollabDiff/real/200295.jpg,real
styleclip/fake/00296.jpg,styleclip
CollabDiff/real/196025.jpg,real
styleclip/fake/01178.jpg,styleclip
stargan/real/real/153.jpg,real
whichfaceisreal/fake/183.png,whichfaceisreal
CollabDiff/real/036918.jpg,real
whichfaceisreal/real/00160.jpeg,real
whichfaceisreal/fake/109.png,whichfaceisreal
starganv2/real/1751.jpg,real
styleclip/fake/00166.jpg,styleclip
CollabDiff/real/078578.jpg,real
styleclip/real/198404.jpg,real
starganv2/fake/89.jpg,starganv2
whichfaceisreal/real/00450.jpeg,real
starganv2/real/71.jpg,real
CollabDiff/real/016078.jpg,real
stargan/real/real/639.jpg,real
styleclip/fake/02522.jpg,styleclip
whichfaceisreal/fake/8.png,whichfaceisreal
stargan/real/real/671.jpg,real
whichfaceisreal/real/00152.jpeg,real
stargan/fake/fake/622.jpg,stargan
MidJourney/MidJourney/real/15182.jpg,MidJourney
styleclip/real/094084.jpg,real
stargan/fake/fake/981.jpg,stargan
starganv2/fake/1359.jpg,starganv2
starganv2/real/265.jpg,real
styleclip/fake/00185.jpg,styleclip
CollabDiff/fake/986/000000_x_0.png,CollabDiff
styleclip/fake/00351.jpg,styleclip
starganv2/fake/1079.jpg,starganv2
stargan/real/real/369.jpg,real
starganv2/fake/1227.jpg,starganv2
styleclip/fake/02244.jpg,styleclip
styleclip/real/094172.jpg,real
styleclip/real/106286.jpg,real
stargan/fake/fake/1450.jpg,stargan
CollabDiff/real/089290.jpg,real
styleclip/fake/00034.jpg,styleclip
stargan/fake/fake/136.jpg,stargan
CollabDiff/real/070615.jpg,real
stargan/real/real/889.jpg,real
CollabDiff/fake/273/000000_x_0.png,CollabDiff
MidJourney/MidJourney/fake/13592447708_Clean_caucasian_female_face_face_only_shown_face_cl_e0de701f-c3ec-4777-8771-9c2a11989c66.png,MidJourney
MidJourney/MidJourney/real/37271.jpg,MidJourney
styleclip/fake/01256.jpg,styleclip
CollabDiff/real/029426.jpg,real
styleclip/real/067304.jpg,real
MidJourney/MidJourney/fake/13592447708_Single_person_white_male_looking_at_the_camera_faci_5a00dfd8-932f-4476-b6dd-1fcb8cd26c7a.png,MidJourney
stargan/real/real/1227.jpg,real
stargan/fake/fake/1109.jpg,stargan
stargan/fake/fake/919.jpg,stargan
whichfaceisreal/real/00745.jpeg,real
stargan/fake/fake/222.jpg,stargan
styleclip/real/088638.jpg,real
stargan/real/real/1548.jpg,real
stargan/fake/fake/74.jpg,stargan
MidJourney/MidJourney/fake/13592447708_Clean_East_Asian_female_face_face_only_shown_face_c_441614bb-a655-4019-b75e-ed9cc49de790.png,MidJourney
styleclip/fake/00182.jpg,styleclip
styleclip/real/153928.jpg,real
stargan/real/real/1079.jpg,real
CollabDiff/real/102980.jpg,real
styleclip/fake/00798.jpg,styleclip
starganv2/fake/1230.jpg,starganv2
stargan/fake/fake/1497.jpg,stargan
CollabDiff/real/003556.jpg,real
starganv2/real/892.jpg,real
starganv2/real/277.jpg,real
starganv2/real/545.jpg,real
starganv2/fake/817.jpg,starganv2
CollabDiff/real/021411.jpg,real
stargan/fake/fake/24.jpg,stargan
starganv2/fake/1069.jpg,starganv2
styleclip/fake/01478.jpg,styleclip
starganv2/fake/742.jpg,starganv2
stargan/fake/fake/1936.jpg,stargan
MidJourney/MidJourney/real/48874.jpg,MidJourney
styleclip/fake/01499.jpg,styleclip
stargan/real/real/1454.jpg,real
starganv2/real/1589.jpg,real
CollabDiff/real/013180.jpg,real
whichfaceisreal/fake/455.png,whichfaceisreal
styleclip/fake/02322.jpg,styleclip
starganv2/fake/437.jpg,starganv2
starganv2/fake/1434.jpg,starganv2
starganv2/real/1806.jpg,real
styleclip/fake/00539.jpg,styleclip
styleclip/fake/02789.jpg,styleclip
styleclip/fake/02408.jpg,styleclip
starganv2/real/205.jpg,real
styleclip/fake/02679.jpg,styleclip
starganv2/real/1498.jpg,real
MidJourney/MidJourney/fake/13592447708_Single_person_East_Asian_woman_looking_at_the_camer_6541f36e-4b4f-4cef-964f-b1e9faa14484.png,MidJourney
starganv2/fake/123.jpg,starganv2
stargan/fake/fake/1247.jpg,stargan
MidJourney/MidJourney/real/52658.jpg,MidJourney
whichfaceisreal/real/00848.jpeg,real
CollabDiff/fake/355/000000_x_0.png,CollabDiff
styleclip/fake/02019.jpg,styleclip
stargan/fake/fake/75.jpg,stargan
stargan/fake/fake/1515.jpg,stargan
stargan/fake/fake/282.jpg,stargan
starganv2/real/553.jpg,real
MidJourney/MidJourney/real/16063.jpg,MidJourney
stargan/real/real/557.jpg,real
whichfaceisreal/fake/256.png,whichfaceisreal
starganv2/real/1917.jpg,real
stargan/real/real/714.jpg,real
styleclip/real/067097.jpg,real
whichfaceisreal/real/00249.jpeg,real
whichfaceisreal/real/00540.jpeg,real
stargan/real/real/722.jpg,real
whichfaceisreal/real/00580.jpeg,real
styleclip/fake/01657.jpg,styleclip
starganv2/real/471.jpg,real
MidJourney/MidJourney/fake/13592447708_Clean_East_Asian_female_face_face_only_shown_face_c_4775ea32-d09d-4a94-a104-50b520d23ab3.png,MidJourney
starganv2/real/830.jpg,real
starganv2/real/634.jpg,real
styleclip/fake/02565.jpg,styleclip
styleclip/fake/01739.jpg,styleclip
starganv2/fake/828.jpg,starganv2
styleclip/fake/00487.jpg,styleclip
starganv2/fake/651.jpg,starganv2
starganv2/fake/1674.jpg,starganv2
styleclip/fake/02753.jpg,styleclip
styleclip/fake/00498.jpg,styleclip
styleclip/real/075765.jpg,real
starganv2/fake/539.jpg,starganv2
styleclip/fake/02140.jpg,styleclip
starganv2/real/1586.jpg,real
styleclip/fake/01767.jpg,styleclip
styleclip/real/101094.jpg,real
styleclip/fake/00011.jpg,styleclip
styleclip/fake/02304.jpg,styleclip
starganv2/real/1533.jpg,real
starganv2/real/1678.jpg,real
starganv2/fake/1523.jpg,starganv2
whichfaceisreal/fake/348.png,whichfaceisreal
starganv2/fake/1166.jpg,starganv2
starganv2/real/1701.jpg,real
MidJourney/MidJourney/real/09617.jpg,MidJourney
stargan/fake/fake/1755.jpg,stargan
starganv2/fake/1765.jpg,starganv2
starganv2/fake/1450.jpg,starganv2
styleclip/fake/01422.jpg,styleclip
whichfaceisreal/fake/117.png,whichfaceisreal
MidJourney/MidJourney/real/54063.jpg,MidJourney
stargan/real/real/1498.jpg,real
styleclip/fake/00023.jpg,styleclip
styleclip/fake/00664.jpg,styleclip
styleclip/fake/00051.jpg,styleclip
starganv2/fake/280.jpg,starganv2
MidJourney/MidJourney/real/07158.jpg,MidJourney
styleclip/fake/01552.jpg,styleclip
styleclip/fake/00966.jpg,styleclip
stargan/fake/fake/641.jpg,stargan
MidJourney/MidJourney/fake/13592447708_Face_of_clean_caucasian_male_face_only_shown_close-_f09261ba-55bc-47d1-a1fb-2647289dbb4d.png,MidJourney
whichfaceisreal/real/00785.jpeg,real
stargan/real/real/1541.jpg,real
CollabDiff/fake/376/000000_x_0.png,CollabDiff
whichfaceisreal/real/00229.jpeg,real
whichfaceisreal/real/00109.jpeg,real
whichfaceisreal/real/00527.jpeg,real
CollabDiff/fake/203/000000_x_0.png,CollabDiff
starganv2/real/985.jpg,real
CollabDiff/fake/762/000000_x_0.png,CollabDiff
styleclip/fake/00064.jpg,styleclip
starganv2/fake/1454.jpg,starganv2
whichfaceisreal/real/00476.jpeg,real
stargan/real/real/1606.jpg,real
whichfaceisreal/fake/14.png,whichfaceisreal
MidJourney/MidJourney/real/59747.jpg,MidJourney
starganv2/fake/152.jpg,starganv2
MidJourney/MidJourney/fake/13592447708_Single_person_East_Asian_male_looking_at_the_camera_ca0862e7-3400-474e-9d01-28555d4aa1ba.png,MidJourney
CollabDiff/fake/340/000000_x_0.png,CollabDiff
stargan/real/real/320.jpg,real
styleclip/real/003069.jpg,real
stargan/real/real/1690.jpg,real
starganv2/real/1259.jpg,real
styleclip/fake/01483.jpg,styleclip
stargan/real/real/1668.jpg,real
CollabDiff/real/192166.jpg,real
whichfaceisreal/fake/246.png,whichfaceisreal
CollabDiff/real/062418.jpg,real
stargan/real/real/332.jpg,real
MidJourney/MidJourney/real/38900.jpg,MidJourney
MidJourney/MidJourney/fake/13592447708_Single_person_black_female_looking_at_the_camera_fa_9e2a8dfe-e084-481c-90bb-5517b27f49b3.png,MidJourney
styleclip/fake/00325.jpg,styleclip
CollabDiff/real/068872.jpg,real
styleclip/fake/01239.jpg,styleclip
styleclip/real/079332.jpg,real
CollabDiff/fake/120/000000_x_0.png,CollabDiff
starganv2/real/726.jpg,real
starganv2/fake/540.jpg,starganv2
styleclip/real/151945.jpg,real
CollabDiff/fake/103/000000_x_0.png,CollabDiff
styleclip/fake/01523.jpg,styleclip
stargan/real/real/377.jpg,real
stargan/real/real/1169.jpg,real
MidJourney/MidJourney/real/33366.jpg,MidJourney
starganv2/fake/1959.jpg,starganv2
stargan/real/real/540.jpg,real
MidJourney/MidJourney/fake/13592447708_Single_person_white_male_looking_at_the_camera_faci_60da104e-ab5e-4d6f-9283-62d50f99ffc0.png,MidJourney
CollabDiff/real/165885.jpg,real
styleclip/fake/02499.jpg,styleclip
stargan/real/real/475.jpg,real
stargan/fake/fake/617.jpg,stargan
styleclip/fake/01254.jpg,styleclip
MidJourney/MidJourney/real/25777.jpg,MidJourney
CollabDiff/fake/678/000000_x_0.png,CollabDiff
stargan/fake/fake/731.jpg,stargan
whichfaceisreal/real/00447.jpeg,real
CollabDiff/fake/224/000000_x_0.png,CollabDiff
starganv2/real/1445.jpg,real
stargan/real/real/951.jpg,real
styleclip/fake/02007.jpg,styleclip
CollabDiff/real/194772.jpg,real
styleclip/fake/02659.jpg,styleclip
starganv2/fake/1491.jpg,starganv2
MidJourney/MidJourney/fake/13592447708_Single_person_South_Asian_male_looking_at_the_camer_acd0c4bb-716d-49c9-88b2-f094c6550253_04.gif,MidJourney
styleclip/fake/00693.jpg,styleclip
starganv2/fake/138.jpg,starganv2
stargan/real/real/1907.jpg,real
starganv2/fake/1250.jpg,starganv2
stargan/fake/fake/1952.jpg,stargan
stargan/real/real/1798.jpg,real
starganv2/real/285.jpg,real
stargan/real/real/24.jpg,real
stargan/real/real/1783.jpg,real
styleclip/fake/02122.jpg,styleclip
CollabDiff/real/045254.jpg,real
styleclip/fake/00216.jpg,styleclip
stargan/real/real/1899.jpg,real
whichfaceisreal/fake/76.png,whichfaceisreal
CollabDiff/real/137633.jpg,real
whichfaceisreal/fake/133.png,whichfaceisreal
MidJourney/MidJourney/real/14729.jpg,MidJourney
styleclip/real/158647.jpg,real
styleclip/fake/01418.jpg,styleclip
CollabDiff/fake/825/000000_x_0.png,CollabDiff
MidJourney/MidJourney/real/37974.jpg,MidJourney
CollabDiff/fake/378/000000_x_0.png,CollabDiff
styleclip/real/051765.jpg,real
whichfaceisreal/real/00092.jpeg,real
styleclip/fake/01585.jpg,styleclip
styleclip/fake/02223.jpg,styleclip
starganv2/real/848.jpg,real
styleclip/fake/00203.jpg,styleclip
whichfaceisreal/fake/353.png,whichfaceisreal
whichfaceisreal/fake/406.png,whichfaceisreal
styleclip/fake/01872.jpg,styleclip
starganv2/real/350.jpg,real
stargan/fake/fake/157.jpg,stargan
MidJourney/MidJourney/real/44993.jpg,MidJourney
starganv2/real/823.jpg,real
MidJourney/MidJourney/real/46740.jpg,MidJourney
CollabDiff/real/055354.jpg,real
stargan/real/real/1807.jpg,real
CollabDiff/fake/946/000000_x_0.png,CollabDiff
styleclip/fake/00650.jpg,styleclip
starganv2/real/1091.jpg,real
MidJourney/MidJourney/real/44102.jpg,MidJourney
MidJourney/MidJourney/real/16859.jpg,MidJourney
styleclip/fake/01427.jpg,styleclip
CollabDiff/fake/561/000000_x_0.png,CollabDiff
starganv2/real/1306.jpg,real
MidJourney/MidJourney/real/27694.jpg,MidJourney
MidJourney/MidJourney/real/51801.jpg,MidJourney
whichfaceisreal/fake/599.png,whichfaceisreal
styleclip/fake/02584.jpg,styleclip
starganv2/fake/1057.jpg,starganv2
whichfaceisreal/fake/461.png,whichfaceisreal
styleclip/real/189434.jpg,real
whichfaceisreal/real/00087.jpeg,real
MidJourney/MidJourney/real/58802.jpg,MidJourney
MidJourney/MidJourney/real/31461.jpg,MidJourney
stargan/real/real/1913.jpg,real
stargan/real/real/1672.jpg,real
MidJourney/MidJourney/real/19031.jpg,MidJourney
starganv2/fake/54.jpg,starganv2
CollabDiff/fake/971/000000_x_0.png,CollabDiff
styleclip/real/144969.jpg,real
stargan/real/real/1414.jpg,real
MidJourney/MidJourney/fake/13592447708_Single_person_East_Asian_woman_looking_at_the_camer_47e65281-b85e-4890-9b54-d25460f0b3fc.png,MidJourney
CollabDiff/fake/636/000000_x_0.png,CollabDiff
MidJourney/MidJourney/real/69404.jpg,MidJourney
stargan/fake/fake/967.jpg,stargan
stargan/fake/fake/1140.jpg,stargan
styleclip/fake/02715.jpg,styleclip
styleclip/real/138154.jpg,real
stargan/real/real/1446.jpg,real
starganv2/fake/149.jpg,starganv2
stargan/fake/fake/49.jpg,stargan
stargan/real/real/105.jpg,real
MidJourney/MidJourney/fake/13592447708_Single_person_East_Asian_male_looking_at_the_camera_5f9ed189-2c5e-47ff-93a0-ac46c831f4d3.png,MidJourney
whichfaceisreal/real/00046.jpeg,real
stargan/fake/fake/1030.jpg,stargan
starganv2/real/14.jpg,real
CollabDiff/real/187127.jpg,real
stargan/fake/fake/925.jpg,stargan
CollabDiff/fake/463/000000_x_0.png,CollabDiff
whichfaceisreal/fake/427.png,whichfaceisreal
starganv2/real/1960.jpg,real
CollabDiff/fake/541/000000_x_0.png,CollabDiff
styleclip/fake/02267.jpg,styleclip
stargan/fake/fake/1199.jpg,stargan
whichfaceisreal/fake/632.png,whichfaceisreal
styleclip/real/074823.jpg,real
styleclip/fake/02126.jpg,styleclip
stargan/real/real/1688.jpg,real
styleclip/real/112823.jpg,real
MidJourney/MidJourney/real/48364.jpg,MidJourney
starganv2/fake/776.jpg,starganv2
CollabDiff/real/185196.jpg,real
starganv2/real/837.jpg,real
stargan/real/real/1538.jpg,real
starganv2/fake/499.jpg,starganv2
CollabDiff/fake/547/000000_x_0.png,CollabDiff
MidJourney/MidJourney/fake/13592447708_south_asian_female_face_face_only_face_close-up_fac_1dc5dda5-692e-473f-af04-4c6b92484907_01.gif,MidJourney
MidJourney/MidJourney/fake/13592447708_Clean_East_Asian_male_face_only_face_shown_close-up_4a0d2729-dbf3-44e8-a4ca-f532c626c6a4.png,MidJourney
stargan/fake/fake/11.jpg,stargan
starganv2/real/1232.jpg,real
styleclip/real/086452.jpg,real
styleclip/fake/01654.jpg,styleclip
MidJourney/MidJourney/fake/13592447708_Single_person_East_Asian_woman_looking_at_the_camer_69f0eed6-092c-40b2-abbe-4df8507fbe32.png,MidJourney
CollabDiff/fake/651/000000_x_0.png,CollabDiff
CollabDiff/real/076788.jpg,real
whichfaceisreal/fake/154.png,whichfaceisreal
stargan/fake/fake/1964.jpg,stargan
whichfaceisreal/fake/629.png,whichfaceisreal
starganv2/real/1203.jpg,real
starganv2/real/1557.jpg,real
whichfaceisreal/fake/209.png,whichfaceisreal
stargan/fake/fake/1537.jpg,stargan
CollabDiff/fake/620/000000_x_0.png,CollabDiff
CollabDiff/real/118918.jpg,real
styleclip/real/032872.jpg,real
stargan/real/real/588.jpg,real
MidJourney/MidJourney/fake/13592447708_Clean_East_Asian_female_face_face_only_shown_face_c_c2c26350-e6a5-4c2c-b327-e53aa74ca862.png,MidJourney
styleclip/fake/02471.jpg,styleclip
starganv2/real/1347.jpg,real
styleclip/fake/01009.jpg,styleclip
stargan/real/real/413.jpg,real
MidJourney/MidJourney/fake/13592447708_Single_person_black_female_looking_at_the_camera_fa_309237e6-0336-48a0-9798-892403399bc9.png,MidJourney
stargan/fake/fake/1702.jpg,stargan
stargan/real/real/255.jpg,real
whichfaceisreal/real/00582.jpeg,real
MidJourney/MidJourney/fake/13592447708_Single_person_East_Asian_male_looking_at_the_camera_01db039d-1e78-425e-9c73-d799f03117d8.png,MidJourney
styleclip/fake/00566.jpg,styleclip
styleclip/fake/01334.jpg,styleclip
whichfaceisreal/real/00434.jpeg,real
styleclip/fake/00493.jpg,styleclip
MidJourney/MidJourney/fake/13592447708_Clean_East_Asian_male_face_only_face_shown_close-up_9dd181e0-da37-4f0a-802c-fa963646eca2.png,MidJourney
styleclip/fake/00063.jpg,styleclip
styleclip/fake/01147.jpg,styleclip
MidJourney/MidJourney/fake/13592447708_Single_person_South_Asian_female_looking_at_the_cam_a6486f90-175f-461b-93f3-0bd68e7e0f5b_01.gif,MidJourney
starganv2/real/382.jpg,real
CollabDiff/real/059754.jpg,real
starganv2/fake/1739.jpg,starganv2
starganv2/fake/1364.jpg,starganv2
MidJourney/MidJourney/real/25279.jpg,MidJourney
MidJourney/MidJourney/real/49091.jpg,MidJourney
MidJourney/MidJourney/real/51308.jpg,MidJourney
starganv2/fake/130.jpg,starganv2
stargan/real/real/1506.jpg,real
MidJourney/MidJourney/real/20346.jpg,MidJourney
styleclip/fake/01420.jpg,styleclip
starganv2/fake/1121.jpg,starganv2
CollabDiff/real/171750.jpg,real
styleclip/fake/01273.jpg,styleclip
MidJourney/MidJourney/fake/13592447708_Caucasian_male_face_face_close-up_outdoor_during_da_fda24ec1-11a9-41a7-bc34-c0ac22439e8e.png,MidJourney
MidJourney/MidJourney/real/10370.jpg,MidJourney
stargan/fake/fake/311.jpg,stargan
CollabDiff/fake/899/000000_x_0.png,CollabDiff
starganv2/fake/444.jpg,starganv2
stargan/real/real/1896.jpg,real
styleclip/real/074533.jpg,real
MidJourney/MidJourney/real/08722.jpg,MidJourney
styleclip/fake/02788.jpg,styleclip
styleclip/fake/02141.jpg,styleclip
CollabDiff/real/179516.jpg,real
CollabDiff/fake/638/000000_x_0.png,CollabDiff
starganv2/real/566.jpg,real
starganv2/fake/349.jpg,starganv2
starganv2/real/808.jpg,real
styleclip/fake/02399.jpg,styleclip
stargan/real/real/911.jpg,real
stargan/real/real/49.jpg,real
styleclip/fake/01015.jpg,styleclip
stargan/fake/fake/1190.jpg,stargan
styleclip/real/114987.jpg,real
CollabDiff/real/179629.jpg,real
stargan/fake/fake/1788.jpg,stargan
starganv2/fake/1407.jpg,starganv2
CollabDiff/fake/65/000000_x_0.png,CollabDiff
styleclip/real/077895.jpg,real
styleclip/fake/01046.jpg,styleclip
styleclip/fake/01364.jpg,styleclip
starganv2/fake/71.jpg,starganv2
styleclip/fake/01716.jpg,styleclip
starganv2/real/1776.jpg,real
starganv2/real/896.jpg,real
MidJourney/MidJourney/real/15391.jpg,MidJourney
starganv2/fake/1155.jpg,starganv2
MidJourney/MidJourney/real/01140.jpg,MidJourney
stargan/fake/fake/1672.jpg,stargan
CollabDiff/real/175248.jpg,real
starganv2/fake/1036.jpg,starganv2
CollabDiff/real/157052.jpg,real
starganv2/real/113.jpg,real
stargan/fake/fake/665.jpg,stargan
styleclip/real/015193.jpg,real
styleclip/fake/00916.jpg,styleclip
stargan/real/real/1890.jpg,real
starganv2/real/1979.jpg,real
starganv2/real/698.jpg,real
MidJourney/MidJourney/fake/13592447708_Single_person_South_Asian_male_looking_at_the_camer_25127b45-a78b-42d0-9d5a-aa0ae40854ce_01.gif,MidJourney
starganv2/real/303.jpg,real
styleclip/real/067784.jpg,real
whichfaceisreal/real/00574.jpeg,real
whichfaceisreal/real/00088.jpeg,real
stargan/fake/fake/1027.jpg,stargan
stargan/real/real/733.jpg,real
MidJourney/MidJourney/real/69624.jpg,MidJourney
stargan/fake/fake/1754.jpg,stargan
stargan/fake/fake/1262.jpg,stargan
stargan/real/real/653.jpg,real
starganv2/real/1622.jpg,real
whichfaceisreal/real/00497.jpeg,real
starganv2/real/1808.jpg,real
styleclip/fake/01436.jpg,styleclip
starganv2/fake/302.jpg,starganv2
CollabDiff/real/126178.jpg,real
starganv2/real/1107.jpg,real
CollabDiff/fake/220/000000_x_0.png,CollabDiff
MidJourney/MidJourney/fake/13592447708_Single_person_South_Asian_male_looking_at_the_camer_25127b45-a78b-42d0-9d5a-aa0ae40854ce_03.gif,MidJourney
MidJourney/MidJourney/real/11024.jpg,MidJourney
stargan/fake/fake/1744.jpg,stargan
styleclip/fake/02394.jpg,styleclip
MidJourney/MidJourney/real/21153.jpg,MidJourney
starganv2/real/1977.jpg,real
styleclip/fake/00708.jpg,styleclip
stargan/real/real/342.jpg,real
starganv2/real/478.jpg,real
whichfaceisreal/fake/122.png,whichfaceisreal
stargan/real/real/1799.jpg,real
whichfaceisreal/real/00157.jpeg,real
MidJourney/MidJourney/fake/13592447708_south_asian_female_face_face_only_face_close-up_fac_e71f3001-f9d2-4481-a2a0-4dd08fbd6220_04.gif,MidJourney
CollabDiff/real/050275.jpg,real
styleclip/fake/01337.jpg,styleclip
CollabDiff/fake/748/000000_x_0.png,CollabDiff
styleclip/real/078552.jpg,real
starganv2/real/501.jpg,real
styleclip/fake/02552.jpg,styleclip
MidJourney/MidJourney/real/21128.jpg,MidJourney
stargan/fake/fake/1666.jpg,stargan
whichfaceisreal/real/00485.jpeg,real
stargan/real/real/547.jpg,real
styleclip/fake/00821.jpg,styleclip
MidJourney/MidJourney/fake/13592447708_Single_person_East_Asian_male_looking_at_the_camera_f13319b4-b0d7-43a8-ad8d-133ca1fc98a2.png,MidJourney
starganv2/real/1976.jpg,real
CollabDiff/real/007811.jpg,real
stargan/fake/fake/1759.jpg,stargan
stargan/real/real/1752.jpg,real
styleclip/fake/01839.jpg,styleclip
starganv2/real/1998.jpg,real
styleclip/fake/00048.jpg,styleclip
starganv2/real/1681.jpg,real
styleclip/fake/01838.jpg,styleclip
starganv2/real/977.jpg,real
whichfaceisreal/real/00986.jpeg,real
stargan/real/real/1017.jpg,real
whichfaceisreal/real/00054.jpeg,real
whichfaceisreal/real/00093.jpeg,real
starganv2/real/1532.jpg,real
CollabDiff/fake/285/000000_x_0.png,CollabDiff
whichfaceisreal/real/00182.jpeg,real
whichfaceisreal/fake/548.png,whichfaceisreal
starganv2/real/233.jpg,real
CollabDiff/fake/824/000000_x_0.png,CollabDiff
whichfaceisreal/fake/582.png,whichfaceisreal
CollabDiff/real/105628.jpg,real
MidJourney/MidJourney/real/41351.jpg,MidJourney
styleclip/fake/00727.jpg,styleclip
starganv2/real/1540.jpg,real
MidJourney/MidJourney/real/33824.jpg,MidJourney
stargan/real/real/747.jpg,real
starganv2/real/4.jpg,real
starganv2/fake/1742.jpg,starganv2
styleclip/fake/02227.jpg,styleclip
starganv2/fake/261.jpg,starganv2
starganv2/fake/1144.jpg,starganv2
MidJourney/MidJourney/real/18773.jpg,MidJourney
starganv2/fake/1297.jpg,starganv2
styleclip/real/171649.jpg,real
starganv2/fake/541.jpg,starganv2
starganv2/fake/469.jpg,starganv2
styleclip/fake/01905.jpg,styleclip
stargan/fake/fake/1081.jpg,stargan
stargan/fake/fake/326.jpg,stargan
stargan/real/real/1470.jpg,real
whichfaceisreal/fake/2.png,whichfaceisreal
MidJourney/MidJourney/fake/13592447708_Single_person_South_Asian_male_looking_at_the_camer_7cb6953b-27a0-44ff-9389-c68b94447776_01.gif,MidJourney
stargan/real/real/1262.jpg,real
CollabDiff/real/095016.jpg,real
styleclip/fake/01473.jpg,styleclip
styleclip/fake/02602.jpg,styleclip
stargan/real/real/1691.jpg,real
stargan/fake/fake/439.jpg,stargan
CollabDiff/fake/621/000000_x_0.png,CollabDiff
CollabDiff/fake/247/000000_x_0.png,CollabDiff
starganv2/fake/1399.jpg,starganv2
starganv2/real/614.jpg,real
MidJourney/MidJourney/real/49469.jpg,MidJourney
starganv2/fake/825.jpg,starganv2
styleclip/fake/01109.jpg,styleclip
stargan/fake/fake/1933.jpg,stargan
stargan/fake/fake/482.jpg,stargan
starganv2/real/1677.jpg,real
stargan/real/real/1833.jpg,real
styleclip/real/188666.jpg,real
stargan/fake/fake/519.jpg,stargan
styleclip/fake/01809.jpg,styleclip
styleclip/fake/00438.jpg,styleclip
starganv2/real/1919.jpg,real
MidJourney/MidJourney/real/25152.jpg,MidJourney
starganv2/fake/920.jpg,starganv2
whichfaceisreal/fake/740.png,whichfaceisreal
stargan/real/real/1348.jpg,real
stargan/real/real/1596.jpg,real
whichfaceisreal/fake/374.png,whichfaceisreal
MidJourney/MidJourney/fake/13592447708_Single_person_South_Asian_male_looking_at_the_camer_7d1ef2d2-9f11-4c63-885f-79bfdfb456c1_04.gif,MidJourney
starganv2/real/1879.jpg,real
starganv2/fake/103.jpg,starganv2
styleclip/real/167049.jpg,real
whichfaceisreal/fake/450.png,whichfaceisreal
stargan/real/real/1263.jpg,real
stargan/fake/fake/651.jpg,stargan
stargan/real/real/1011.jpg,real
CollabDiff/real/079169.jpg,real
stargan/real/real/69.jpg,real
stargan/fake/fake/1015.jpg,stargan
MidJourney/MidJourney/fake/13592447708_Single_person_East_Asian_male_looking_at_the_camera_7920930f-50f7-4b74-8a7e-a68f799e0fdb.png,MidJourney
styleclip/fake/02106.jpg,styleclip
stargan/fake/fake/1565.jpg,stargan
styleclip/real/003260.jpg,real
starganv2/real/1240.jpg,real
starganv2/real/1480.jpg,real
styleclip/fake/00056.jpg,styleclip
stargan/fake/fake/1890.jpg,stargan
styleclip/fake/00675.jpg,styleclip
starganv2/real/221.jpg,real
stargan/fake/fake/1203.jpg,stargan
styleclip/fake/00600.jpg,styleclip
styleclip/fake/02376.jpg,styleclip
MidJourney/MidJourney/fake/13592447708_south_asian_female_face_face_only_face_close-up_fac_1dc5dda5-692e-473f-af04-4c6b92484907_04.gif,MidJourney
stargan/fake/fake/1748.jpg,stargan
starganv2/real/1664.jpg,real
whichfaceisreal/fake/278.png,whichfaceisreal
starganv2/fake/257.jpg,starganv2
stargan/real/real/573.jpg,real
CollabDiff/real/120814.jpg,real
whichfaceisreal/real/00332.jpeg,real
MidJourney/MidJourney/real/68160.jpg,MidJourney
whichfaceisreal/real/00548.jpeg,real
starganv2/fake/555.jpg,starganv2
stargan/fake/fake/95.jpg,stargan
starganv2/real/263.jpg,real
starganv2/fake/617.jpg,starganv2
starganv2/fake/1274.jpg,starganv2
styleclip/fake/02063.jpg,styleclip
stargan/fake/fake/1003.jpg,stargan
starganv2/fake/1033.jpg,starganv2
starganv2/real/1143.jpg,real
CollabDiff/fake/497/000000_x_0.png,CollabDiff
CollabDiff/real/130419.jpg,real
CollabDiff/real/176560.jpg,real
styleclip/real/135126.jpg,real
MidJourney/MidJourney/real/00129.jpg,MidJourney
stargan/fake/fake/1716.jpg,stargan
stargan/fake/fake/296.jpg,stargan
styleclip/real/035914.jpg,real
styleclip/fake/02377.jpg,styleclip
styleclip/fake/01778.jpg,styleclip
CollabDiff/real/125331.jpg,real
styleclip/real/120649.jpg,real
styleclip/real/171589.jpg,real
styleclip/fake/00613.jpg,styleclip
CollabDiff/real/074127.jpg,real
whichfaceisreal/fake/614.png,whichfaceisreal
styleclip/real/133581.jpg,real
CollabDiff/real/090782.jpg,real
stargan/real/real/633.jpg,real
MidJourney/MidJourney/fake/13592447708_south_asian_female_face_face_only_face_close-up_fac_97facbb9-da77-4699-886c-3d9ae6cca0e9_03.gif,MidJourney
starganv2/fake/1783.jpg,starganv2
starganv2/fake/418.jpg,starganv2
CollabDiff/real/089354.jpg,real
starganv2/fake/1989.jpg,starganv2
MidJourney/MidJourney/real/42041.jpg,MidJourney
whichfaceisreal/fake/713.png,whichfaceisreal
whichfaceisreal/real/00675.jpeg,real
whichfaceisreal/fake/206.png,whichfaceisreal
stargan/real/real/289.jpg,real
stargan/real/real/269.jpg,real
starganv2/fake/1162.jpg,starganv2
stargan/real/real/713.jpg,real
styleclip/fake/02097.jpg,styleclip
stargan/fake/fake/921.jpg,stargan
styleclip/real/183439.jpg,real
whichfaceisreal/fake/905.png,whichfaceisreal
MidJourney/MidJourney/fake/13592447708_Single_person_white_female_looking_at_the_camera_fa_735695e4-c3ff-4c5d-abbc-0fe962020e1a.png,MidJourney
stargan/real/real/1215.jpg,real
MidJourney/MidJourney/fake/13592447708_Clean_East_Asian_female_face_face_only_shown_face_c_dca7004c-8840-4aca-b700-241d041789ce.png,MidJourney
starganv2/fake/1436.jpg,starganv2
starganv2/fake/1474.jpg,starganv2
MidJourney/MidJourney/fake/13592447708_Single_person_white_female_looking_at_the_camera_fa_45cba46c-cc7a-4435-9110-40283558c935.png,MidJourney
starganv2/fake/390.jpg,starganv2
starganv2/fake/822.jpg,starganv2
stargan/fake/fake/1191.jpg,stargan
stargan/fake/fake/1534.jpg,stargan
starganv2/fake/948.jpg,starganv2
starganv2/real/1815.jpg,real
starganv2/fake/1854.jpg,starganv2
whichfaceisreal/fake/731.png,whichfaceisreal
starganv2/real/1939.jpg,real
starganv2/fake/416.jpg,starganv2
starganv2/fake/916.jpg,starganv2
stargan/real/real/1026.jpg,real
styleclip/fake/00151.jpg,styleclip
whichfaceisreal/fake/925.png,whichfaceisreal
CollabDiff/fake/927/000000_x_0.png,CollabDiff
whichfaceisreal/fake/243.png,whichfaceisreal
whichfaceisreal/fake/498.png,whichfaceisreal
styleclip/fake/01959.jpg,styleclip
stargan/real/real/893.jpg,real
whichfaceisreal/real/00629.jpeg,real
styleclip/real/132736.jpg,real
whichfaceisreal/fake/420.png,whichfaceisreal
styleclip/real/084255.jpg,real
styleclip/fake/01616.jpg,styleclip
whichfaceisreal/real/00504.jpeg,real
starganv2/fake/354.jpg,starganv2
CollabDiff/fake/117/000000_x_0.png,CollabDiff
starganv2/real/299.jpg,real
styleclip/fake/01137.jpg,styleclip
stargan/fake/fake/1543.jpg,stargan
styleclip/real/002105.jpg,real
styleclip/real/157248.jpg,real
styleclip/fake/01040.jpg,styleclip
styleclip/fake/02777.jpg,styleclip
starganv2/real/1914.jpg,real
CollabDiff/real/087000.jpg,real
styleclip/fake/00690.jpg,styleclip
MidJourney/MidJourney/real/24101.jpg,MidJourney
styleclip/fake/01634.jpg,styleclip
starganv2/real/1282.jpg,real
starganv2/real/1262.jpg,real
styleclip/fake/02032.jpg,styleclip
whichfaceisreal/real/00343.jpeg,real
starganv2/fake/937.jpg,starganv2
starganv2/real/192.jpg,real
styleclip/fake/00827.jpg,styleclip
styleclip/fake/00077.jpg,styleclip
starganv2/fake/1231.jpg,starganv2
styleclip/real/117062.jpg,real
starganv2/real/1619.jpg,real
whichfaceisreal/fake/547.png,whichfaceisreal
styleclip/fake/01346.jpg,styleclip
whichfaceisreal/real/00539.jpeg,real
CollabDiff/real/194186.jpg,real
whichfaceisreal/fake/273.png,whichfaceisreal
whichfaceisreal/real/00771.jpeg,real
starganv2/real/1869.jpg,real
stargan/real/real/454.jpg,real
CollabDiff/real/168154.jpg,real
stargan/fake/fake/1532.jpg,stargan
stargan/fake/fake/1929.jpg,stargan
stargan/real/real/918.jpg,real
stargan/real/real/1603.jpg,real
starganv2/fake/1712.jpg,starganv2
starganv2/real/522.jpg,real
whichfaceisreal/fake/257.png,whichfaceisreal
CollabDiff/real/165938.jpg,real
stargan/fake/fake/1462.jpg,stargan
MidJourney/MidJourney/fake/13592447708_south_asian_female_face_face_only_face_close-up_fac_0ce2e5a2-3d6c-4be7-97a7-b3dc298c4370_03.gif,MidJourney
styleclip/fake/00139.jpg,styleclip
styleclip/fake/02274.jpg,styleclip
starganv2/real/442.jpg,real
styleclip/fake/00295.jpg,styleclip
CollabDiff/real/108283.jpg,real
starganv2/fake/845.jpg,starganv2
CollabDiff/fake/532/000000_x_0.png,CollabDiff
styleclip/fake/00982.jpg,styleclip
styleclip/fake/02541.jpg,styleclip
styleclip/real/084733.jpg,real
stargan/fake/fake/420.jpg,stargan
stargan/real/real/950.jpg,real
styleclip/fake/01991.jpg,styleclip
starganv2/real/1653.jpg,real
stargan/fake/fake/110.jpg,stargan
stargan/fake/fake/1144.jpg,stargan
styleclip/fake/01197.jpg,styleclip
styleclip/fake/01336.jpg,styleclip
starganv2/real/1774.jpg,real
styleclip/real/117118.jpg,real
CollabDiff/fake/92/000000_x_0.png,CollabDiff
CollabDiff/fake/132/000000_x_0.png,CollabDiff
styleclip/real/008333.jpg,real
MidJourney/MidJourney/real/43384.jpg,MidJourney
CollabDiff/fake/114/000000_x_0.png,CollabDiff
starganv2/fake/767.jpg,starganv2
stargan/fake/fake/1404.jpg,stargan
whichfaceisreal/fake/130.png,whichfaceisreal
CollabDiff/real/077321.jpg,real
styleclip/fake/02262.jpg,styleclip
starganv2/fake/723.jpg,starganv2
stargan/fake/fake/1422.jpg,stargan
whichfaceisreal/fake/101.png,whichfaceisreal
CollabDiff/fake/734/000000_x_0.png,CollabDiff
starganv2/real/975.jpg,real
styleclip/fake/02781.jpg,styleclip
stargan/real/real/1640.jpg,real
stargan/real/real/232.jpg,real
CollabDiff/real/178610.jpg,real
stargan/real/real/878.jpg,real
stargan/fake/fake/1500.jpg,stargan
stargan/real/real/1882.jpg,real
CollabDiff/fake/988/000000_x_0.png,CollabDiff
styleclip/fake/02118.jpg,styleclip
CollabDiff/real/030415.jpg,real
MidJourney/MidJourney/fake/13592447708_south_asian_female_face_face_only_face_close-up_fac_e71f3001-f9d2-4481-a2a0-4dd08fbd6220_01.gif,MidJourney
CollabDiff/fake/244/000000_x_0.png,CollabDiff
CollabDiff/fake/966/000000_x_0.png,CollabDiff
stargan/fake/fake/209.jpg,stargan
stargan/real/real/1005.jpg,real
starganv2/fake/294.jpg,starganv2
MidJourney/MidJourney/fake/13592447708_Single_person_South_Asian_male_looking_at_the_camer_e8f16e61-7c70-433c-afa6-fbad963f1692_02.gif,MidJourney
whichfaceisreal/fake/663.png,whichfaceisreal
stargan/real/real/941.jpg,real
stargan/real/real/876.jpg,real
CollabDiff/fake/902/000000_x_0.png,CollabDiff
styleclip/real/118120.jpg,real
whichfaceisreal/real/00324.jpeg,real
styleclip/real/013691.jpg,real
styleclip/fake/00605.jpg,styleclip
styleclip/fake/00631.jpg,styleclip
styleclip/fake/01454.jpg,styleclip
MidJourney/MidJourney/fake/13592447708_Clean_caucasian_female_face_face_only_shown_face_cl_6e582aa9-01e0-42b5-aa76-251f7c45ab84.png,MidJourney
whichfaceisreal/fake/223.png,whichfaceisreal
CollabDiff/real/193432.jpg,real
MidJourney/MidJourney/real/19312.jpg,MidJourney
MidJourney/MidJourney/real/27707.jpg,MidJourney
whichfaceisreal/real/00792.jpeg,real
CollabDiff/real/045830.jpg,real
whichfaceisreal/real/00100.jpeg,real
starganv2/fake/865.jpg,starganv2
styleclip/real/075375.jpg,real
stargan/fake/fake/1590.jpg,stargan
whichfaceisreal/real/00842.jpeg,real
MidJourney/MidJourney/fake/13592447708_south_asian_female_face_face_only_face_close-up_fac_f2ac2a76-ddda-4d6f-9bbf-54ee18ae3c5a_04.gif,MidJourney
whichfaceisreal/real/00383.jpeg,real
styleclip/fake/00084.jpg,styleclip
starganv2/fake/1719.jpg,starganv2
stargan/real/real/19.jpg,real
stargan/fake/fake/1757.jpg,stargan
MidJourney/MidJourney/fake/13592447708_Single_person_East_Asian_male_looking_at_the_camera_5dfbf608-13bf-46ca-ac77-5784201bb364.png,MidJourney
starganv2/real/423.jpg,real
MidJourney/MidJourney/fake/13592447708_Single_person_white_female_looking_at_the_camera_fa_c3744b65-d0e3-4c78-9412-a2a202a09561.png,MidJourney
CollabDiff/real/029243.jpg,real
starganv2/real/701.jpg,real
whichfaceisreal/real/00846.jpeg,real
CollabDiff/real/174402.jpg,real
CollabDiff/real/175426.jpg,real
stargan/fake/fake/1773.jpg,stargan
CollabDiff/real/029170.jpg,real
styleclip/fake/01170.jpg,styleclip
styleclip/fake/00270.jpg,styleclip
whichfaceisreal/real/00477.jpeg,real
stargan/real/real/30.jpg,real
starganv2/real/1931.jpg,real
starganv2/real/1942.jpg,real
CollabDiff/fake/970/000000_x_0.png,CollabDiff
MidJourney/MidJourney/real/38477.jpg,MidJourney
MidJourney/MidJourney/real/55016.jpg,MidJourney
stargan/fake/fake/336.jpg,stargan
styleclip/real/110365.jpg,real
styleclip/real/036742.jpg,real
starganv2/real/481.jpg,real
stargan/real/real/749.jpg,real
MidJourney/MidJourney/fake/13592447708_Single_person_South_Asian_male_looking_at_the_camer_e8f16e61-7c70-433c-afa6-fbad963f1692_03.gif,MidJourney
styleclip/fake/00615.jpg,styleclip
styleclip/fake/01424.jpg,styleclip
whichfaceisreal/real/00660.jpeg,real
starganv2/fake/434.jpg,starganv2
styleclip/real/140621.jpg,real
stargan/real/real/1180.jpg,real
starganv2/real/1414.jpg,real
CollabDiff/fake/721/000000_x_0.png,CollabDiff
whichfaceisreal/fake/400.png,whichfaceisreal
starganv2/real/1233.jpg,real
stargan/fake/fake/1114.jpg,stargan
MidJourney/MidJourney/real/64308.jpg,MidJourney
CollabDiff/fake/6/000000_x_0.png,CollabDiff
styleclip/fake/00110.jpg,styleclip
starganv2/real/1475.jpg,real
MidJourney/MidJourney/real/31520.jpg,MidJourney
CollabDiff/fake/901/000000_x_0.png,CollabDiff
styleclip/fake/00257.jpg,styleclip
MidJourney/MidJourney/real/18418.jpg,MidJourney
starganv2/real/1266.jpg,real
MidJourney/MidJourney/fake/13592447708_Single_person_South_Asian_male_looking_at_the_camer_e8f16e61-7c70-433c-afa6-fbad963f1692_01.gif,MidJourney
CollabDiff/fake/924/000000_x_0.png,CollabDiff
starganv2/fake/423.jpg,starganv2
whichfaceisreal/real/00577.jpeg,real
styleclip/real/163404.jpg,real
whichfaceisreal/real/00856.jpeg,real
styleclip/real/162055.jpg,real
stargan/real/real/243.jpg,real
CollabDiff/real/018046.jpg,real
stargan/fake/fake/425.jpg,stargan
styleclip/fake/00392.jpg,styleclip
styleclip/real/075189.jpg,real
styleclip/fake/02768.jpg,styleclip
stargan/real/real/359.jpg,real
styleclip/fake/01179.jpg,styleclip
whichfaceisreal/real/00441.jpeg,real
starganv2/real/1195.jpg,real
whichfaceisreal/fake/15.png,whichfaceisreal
starganv2/fake/1622.jpg,starganv2
whichfaceisreal/fake/646.png,whichfaceisreal
styleclip/fake/02190.jpg,styleclip
stargan/real/real/1513.jpg,real
starganv2/fake/1001.jpg,starganv2
stargan/real/real/1791.jpg,real
stargan/real/real/1775.jpg,real
styleclip/fake/02023.jpg,styleclip
stargan/fake/fake/1319.jpg,stargan
starganv2/fake/912.jpg,starganv2
whichfaceisreal/real/00996.jpeg,real
stargan/fake/fake/1708.jpg,stargan
CollabDiff/real/184051.jpg,real
stargan/fake/fake/466.jpg,stargan
styleclip/real/133059.jpg,real
styleclip/fake/01340.jpg,styleclip
stargan/real/real/1835.jpg,real
MidJourney/MidJourney/real/32648.jpg,MidJourney
stargan/real/real/1385.jpg,real
MidJourney/MidJourney/real/28293.jpg,MidJourney
styleclip/fake/01993.jpg,styleclip
starganv2/real/1742.jpg,real
starganv2/fake/503.jpg,starganv2
starganv2/fake/87.jpg,starganv2
starganv2/real/601.jpg,real
whichfaceisreal/fake/388.png,whichfaceisreal
styleclip/fake/00926.jpg,styleclip
styleclip/fake/02358.jpg,styleclip
starganv2/real/108.jpg,real
starganv2/real/89.jpg,real
CollabDiff/real/014287.jpg,real
CollabDiff/fake/912/000000_x_0.png,CollabDiff
CollabDiff/real/151882.jpg,real
styleclip/fake/00354.jpg,styleclip
stargan/fake/fake/239.jpg,stargan
styleclip/fake/00121.jpg,styleclip
whichfaceisreal/fake/530.png,whichfaceisreal
CollabDiff/fake/267/000000_x_0.png,CollabDiff
whichfaceisreal/real/00498.jpeg,real
stargan/fake/fake/146.jpg,stargan
whichfaceisreal/fake/28.png,whichfaceisreal
stargan/fake/fake/161.jpg,stargan
styleclip/fake/01449.jpg,styleclip
starganv2/real/905.jpg,real
starganv2/real/157.jpg,real
styleclip/fake/02334.jpg,styleclip
styleclip/fake/00610.jpg,styleclip
starganv2/real/1155.jpg,real
styleclip/real/035960.jpg,real
whichfaceisreal/fake/759.png,whichfaceisreal
stargan/fake/fake/1581.jpg,stargan
stargan/fake/fake/1400.jpg,stargan
styleclip/fake/01923.jpg,styleclip
stargan/real/real/1405.jpg,real
CollabDiff/fake/407/000000_x_0.png,CollabDiff
CollabDiff/fake/248/000000_x_0.png,CollabDiff
whichfaceisreal/real/00379.jpeg,real
MidJourney/MidJourney/real/40046.jpg,MidJourney
styleclip/real/035059.jpg,real
stargan/fake/fake/539.jpg,stargan
whichfaceisreal/real/00194.jpeg,real
styleclip/fake/01354.jpg,styleclip
whichfaceisreal/fake/577.png,whichfaceisreal
stargan/real/real/1367.jpg,real
starganv2/fake/426.jpg,starganv2
CollabDiff/fake/746/000000_x_0.png,CollabDiff
whichfaceisreal/fake/922.png,whichfaceisreal
starganv2/fake/1642.jpg,starganv2
stargan/fake/fake/1791.jpg,stargan
stargan/fake/fake/1117.jpg,stargan
whichfaceisreal/real/00104.jpeg,real
CollabDiff/real/060589.jpg,real
stargan/real/real/1496.jpg,real
whichfaceisreal/fake/482.png,whichfaceisreal
starganv2/real/1584.jpg,real
MidJourney/MidJourney/real/14041.jpg,MidJourney
starganv2/fake/1498.jpg,starganv2
stargan/fake/fake/733.jpg,stargan
MidJourney/MidJourney/fake/13592447708_Clean_East_Asian_male_face_face_only_shown_face_clo_e41a0d7a-b19a-49c4-9c4e-8dad73a5cb24.png,MidJourney
starganv2/fake/1366.jpg,starganv2
starganv2/fake/707.jpg,starganv2
styleclip/real/004469.jpg,real
styleclip/real/053375.jpg,real
CollabDiff/real/189984.jpg,real
styleclip/fake/00774.jpg,styleclip
styleclip/real/067719.jpg,real
stargan/real/real/778.jpg,real
CollabDiff/real/125588.jpg,real
whichfaceisreal/real/00412.jpeg,real
stargan/real/real/21.jpg,real
starganv2/fake/67.jpg,starganv2
CollabDiff/real/165214.jpg,real
stargan/fake/fake/1207.jpg,stargan
styleclip/fake/01588.jpg,styleclip
MidJourney/MidJourney/real/65076.jpg,MidJourney
CollabDiff/real/137861.jpg,real
CollabDiff/fake/341/000000_x_0.png,CollabDiff
MidJourney/MidJourney/fake/13592447708_Single_person_South_Asian_female_looking_at_the_cam_79046a37-7b41-41ca-927c-b42fb184bff5_01.gif,MidJourney
starganv2/fake/1324.jpg,starganv2
CollabDiff/fake/59/000000_x_0.png,CollabDiff
CollabDiff/real/029255.jpg,real
styleclip/fake/02537.jpg,styleclip
CollabDiff/real/088314.jpg,real
starganv2/fake/1300.jpg,starganv2
stargan/real/real/781.jpg,real
starganv2/real/683.jpg,real
styleclip/fake/01978.jpg,styleclip
CollabDiff/real/021219.jpg,real
starganv2/real/495.jpg,real
stargan/fake/fake/943.jpg,stargan
MidJourney/MidJourney/fake/13592447708_Clean_caucasian_female_face_face_only_shown_face_cl_0df40580-4172-4422-8be1-286d28074a24.png,MidJourney
whichfaceisreal/real/00858.jpeg,real
styleclip/fake/01029.jpg,styleclip
stargan/real/real/1293.jpg,real
MidJourney/MidJourney/real/17418.jpg,MidJourney
starganv2/fake/1691.jpg,starganv2
styleclip/real/168433.jpg,real
MidJourney/MidJourney/fake/13592447708_Single_person_black_male_looking_at_the_camera_faci_09196b53-a742-4aa6-bd8b-8cb864e7d2bb.png,MidJourney
starganv2/real/492.jpg,real
CollabDiff/real/138149.jpg,real
stargan/fake/fake/968.jpg,stargan
CollabDiff/real/062687.jpg,real
MidJourney/MidJourney/real/16379.jpg,MidJourney
stargan/fake/fake/367.jpg,stargan
stargan/real/real/84.jpg,real
stargan/fake/fake/1069.jpg,stargan
stargan/fake/fake/103.jpg,stargan
stargan/real/real/63.jpg,real
stargan/real/real/1291.jpg,real
styleclip/fake/00469.jpg,styleclip
starganv2/real/996.jpg,real
CollabDiff/fake/635/000000_x_0.png,CollabDiff
starganv2/real/974.jpg,real
stargan/real/real/1345.jpg,real
starganv2/fake/610.jpg,starganv2
styleclip/fake/00169.jpg,styleclip
CollabDiff/fake/872/000000_x_0.png,CollabDiff
stargan/real/real/1425.jpg,real
styleclip/fake/02671.jpg,styleclip
starganv2/real/100.jpg,real
starganv2/real/1425.jpg,real
starganv2/real/189.jpg,real
starganv2/fake/565.jpg,starganv2
whichfaceisreal/real/00292.jpeg,real
MidJourney/MidJourney/real/67542.jpg,MidJourney
styleclip/real/066544.jpg,real
starganv2/real/1437.jpg,real
styleclip/fake/01166.jpg,styleclip
starganv2/fake/1663.jpg,starganv2
styleclip/fake/01623.jpg,styleclip
stargan/fake/fake/87.jpg,stargan
stargan/fake/fake/1388.jpg,stargan
stargan/fake/fake/1256.jpg,stargan
whichfaceisreal/fake/201.png,whichfaceisreal
styleclip/fake/02485.jpg,styleclip
stargan/real/real/1814.jpg,real
CollabDiff/fake/624/000000_x_0.png,CollabDiff
whichfaceisreal/real/00290.jpeg,real
stargan/real/real/794.jpg,real
styleclip/fake/01000.jpg,styleclip
starganv2/real/1522.jpg,real
starganv2/real/1298.jpg,real
MidJourney/MidJourney/fake/13592447708_Single_person_South_Asian_male_looking_at_the_camer_a8faa0a3-ce09-452b-83ce-043ab6c5768c_01.gif,MidJourney
starganv2/real/702.jpg,real
styleclip/fake/01967.jpg,styleclip
CollabDiff/fake/920/000000_x_0.png,CollabDiff
whichfaceisreal/fake/283.png,whichfaceisreal
starganv2/fake/784.jpg,starganv2
whichfaceisreal/real/00257.jpeg,real
whichfaceisreal/fake/181.png,whichfaceisreal
stargan/fake/fake/375.jpg,stargan
whichfaceisreal/fake/537.png,whichfaceisreal
stargan/real/real/1790.jpg,real
MidJourney/MidJourney/real/14045.jpg,MidJourney
stargan/fake/fake/826.jpg,stargan
CollabDiff/fake/898/000000_x_0.png,CollabDiff
stargan/real/real/32.jpg,real
starganv2/fake/7.jpg,starganv2
starganv2/fake/93.jpg,starganv2
starganv2/real/1413.jpg,real
styleclip/fake/00910.jpg,styleclip
MidJourney/MidJourney/real/37733.jpg,MidJourney
styleclip/fake/01928.jpg,styleclip
styleclip/fake/00995.jpg,styleclip
stargan/fake/fake/1323.jpg,stargan
MidJourney/MidJourney/real/57863.jpg,MidJourney
whichfaceisreal/fake/730.png,whichfaceisreal
MidJourney/MidJourney/fake/13592447708_Single_person_East_Asian_woman_looking_at_the_camer_0fc74442-8493-4d64-8d55-fda699483c12.png,MidJourney
CollabDiff/real/170188.jpg,real
styleclip/real/081638.jpg,real
MidJourney/MidJourney/real/18457.jpg,MidJourney
MidJourney/MidJourney/fake/13592447708_Single_person_East_Asian_woman_looking_at_the_camer_5dc1a8e1-0059-4ef5-a309-2a9cf25101f3.png,MidJourney
stargan/real/real/508.jpg,real
whichfaceisreal/real/00572.jpeg,real
styleclip/fake/00684.jpg,styleclip
whichfaceisreal/fake/56.png,whichfaceisreal
whichfaceisreal/real/00641.jpeg,real
styleclip/fake/02513.jpg,styleclip
MidJourney/MidJourney/fake/13592447708_Clean_East_Asian_female_face_face_only_shown_face_c_afae212c-def3-4f9b-a9df-9c1516c30d45.png,MidJourney
styleclip/fake/02289.jpg,styleclip
whichfaceisreal/fake/734.png,whichfaceisreal
whichfaceisreal/real/00619.jpeg,real
CollabDiff/real/143773.jpg,real
styleclip/fake/01503.jpg,styleclip
whichfaceisreal/real/00624.jpeg,real
CollabDiff/fake/370/000000_x_0.png,CollabDiff
stargan/fake/fake/140.jpg,stargan
whichfaceisreal/fake/309.png,whichfaceisreal
whichfaceisreal/fake/70.png,whichfaceisreal
stargan/real/real/1186.jpg,real
stargan/real/real/281.jpg,real
starganv2/fake/572.jpg,starganv2
stargan/real/real/541.jpg,real
stargan/real/real/1527.jpg,real
MidJourney/MidJourney/real/39203.jpg,MidJourney
styleclip/fake/02720.jpg,styleclip
stargan/real/real/1129.jpg,real
starganv2/real/508.jpg,real
starganv2/real/59.jpg,real
stargan/real/real/1847.jpg,real
starganv2/real/1983.jpg,real
whichfaceisreal/fake/494.png,whichfaceisreal
starganv2/real/386.jpg,real
starganv2/fake/1034.jpg,starganv2
stargan/real/real/1451.jpg,real
starganv2/fake/1669.jpg,starganv2
styleclip/fake/01964.jpg,styleclip
MidJourney/MidJourney/real/36119.jpg,MidJourney
starganv2/fake/1435.jpg,starganv2
CollabDiff/real/003568.jpg,real
starganv2/real/1561.jpg,real
CollabDiff/fake/568/000000_x_0.png,CollabDiff
starganv2/real/1182.jpg,real
CollabDiff/real/082116.jpg,real
styleclip/fake/01516.jpg,styleclip
starganv2/fake/107.jpg,starganv2
styleclip/fake/00359.jpg,styleclip
styleclip/fake/00411.jpg,styleclip
whichfaceisreal/real/00661.jpeg,real
styleclip/fake/01593.jpg,styleclip
styleclip/fake/01291.jpg,styleclip
styleclip/real/192139.jpg,real
CollabDiff/real/153537.jpg,real
styleclip/fake/00420.jpg,styleclip
stargan/fake/fake/502.jpg,stargan
CollabDiff/fake/353/000000_x_0.png,CollabDiff
styleclip/real/088370.jpg,real
starganv2/real/734.jpg,real
stargan/real/real/537.jpg,real
MidJourney/MidJourney/fake/13592447708_Clean_East_Asian_female_face_face_only_shown_face_c_51aa7834-ec3a-42b8-bb1a-10baf7dc85ee.png,MidJourney
CollabDiff/real/026337.jpg,real
stargan/real/real/1622.jpg,real
whichfaceisreal/real/00260.jpeg,real
stargan/fake/fake/823.jpg,stargan
styleclip/fake/02573.jpg,styleclip
whichfaceisreal/fake/879.png,whichfaceisreal
stargan/fake/fake/1885.jpg,stargan
MidJourney/MidJourney/fake/13592447708_Clean_East_Asian_female_face_face_only_shown_face_c_e24553c0-040b-40af-896c-cb1603e15d30.png,MidJourney
starganv2/fake/1288.jpg,starganv2
stargan/real/real/1408.jpg,real
starganv2/real/1.jpg,real
starganv2/fake/612.jpg,starganv2
starganv2/fake/910.jpg,starganv2
whichfaceisreal/fake/271.png,whichfaceisreal
starganv2/real/1222.jpg,real
stargan/real/real/451.jpg,real
styleclip/fake/01662.jpg,styleclip
styleclip/fake/01912.jpg,styleclip
stargan/real/real/186.jpg,real
MidJourney/MidJourney/fake/13592447708_Single_person_East_Asian_male_looking_at_the_camera_4a8d37a4-8b46-47ae-a42b-947ad704fa57.png,MidJourney
starganv2/fake/252.jpg,starganv2
stargan/fake/fake/1113.jpg,stargan
CollabDiff/real/076189.jpg,real
styleclip/fake/01920.jpg,styleclip
whichfaceisreal/real/00642.jpeg,real
stargan/fake/fake/92.jpg,stargan
stargan/real/real/456.jpg,real
MidJourney/MidJourney/real/11628.jpg,MidJourney
styleclip/fake/02284.jpg,styleclip
whichfaceisreal/real/00736.jpeg,real
CollabDiff/fake/839/000000_x_0.png,CollabDiff
whichfaceisreal/fake/821.png,whichfaceisreal
styleclip/fake/00636.jpg,styleclip
stargan/real/real/1391.jpg,real
starganv2/fake/118.jpg,starganv2
stargan/fake/fake/643.jpg,stargan
starganv2/fake/206.jpg,starganv2
styleclip/real/096563.jpg,real
stargan/real/real/1012.jpg,real
CollabDiff/real/067610.jpg,real
whichfaceisreal/fake/433.png,whichfaceisreal
whichfaceisreal/fake/594.png,whichfaceisreal
MidJourney/MidJourney/real/35639.jpg,MidJourney
stargan/fake/fake/974.jpg,stargan
styleclip/real/051203.jpg,real
starganv2/fake/1625.jpg,starganv2
CollabDiff/real/113714.jpg,real
stargan/fake/fake/929.jpg,stargan
starganv2/real/1149.jpg,real
starganv2/fake/1923.jpg,starganv2
starganv2/real/27.jpg,real
starganv2/fake/213.jpg,starganv2
MidJourney/MidJourney/real/58832.jpg,MidJourney
stargan/fake/fake/1651.jpg,stargan
CollabDiff/fake/691/000000_x_0.png,CollabDiff
styleclip/fake/02034.jpg,styleclip
styleclip/fake/01052.jpg,styleclip
styleclip/fake/02698.jpg,styleclip
stargan/real/real/839.jpg,real
styleclip/real/078920.jpg,real
whichfaceisreal/real/00474.jpeg,real
styleclip/fake/01264.jpg,styleclip
CollabDiff/real/041562.jpg,real
starganv2/fake/968.jpg,starganv2
whichfaceisreal/real/00524.jpeg,real
styleclip/real/088340.jpg,real
styleclip/fake/01921.jpg,styleclip
starganv2/fake/379.jpg,starganv2
starganv2/real/131.jpg,real
styleclip/real/148744.jpg,real
CollabDiff/real/201453.jpg,real
MidJourney/MidJourney/real/06753.jpg,MidJourney
styleclip/fake/00669.jpg,styleclip
stargan/real/real/926.jpg,real
CollabDiff/real/032019.jpg,real
styleclip/fake/02579.jpg,styleclip
starganv2/fake/1147.jpg,starganv2
starganv2/real/1592.jpg,real
whichfaceisreal/fake/788.png,whichfaceisreal
stargan/fake/fake/462.jpg,stargan
starganv2/fake/1646.jpg,starganv2
stargan/real/real/286.jpg,real
MidJourney/MidJourney/real/38336.jpg,MidJourney
styleclip/real/103794.jpg,real
whichfaceisreal/real/00838.jpeg,real
whichfaceisreal/real/00585.jpeg,real
whichfaceisreal/real/00215.jpeg,real
stargan/fake/fake/1315.jpg,stargan
styleclip/fake/01869.jpg,styleclip
stargan/fake/fake/806.jpg,stargan
styleclip/real/037231.jpg,real
starganv2/fake/1629.jpg,starganv2
styleclip/real/059973.jpg,real
stargan/real/real/1416.jpg,real
stargan/real/real/1951.jpg,real
styleclip/fake/02147.jpg,styleclip
starganv2/fake/642.jpg,starganv2
CollabDiff/fake/873/000000_x_0.png,CollabDiff
stargan/fake/fake/963.jpg,stargan
stargan/real/real/1494.jpg,real
starganv2/fake/1142.jpg,starganv2
whichfaceisreal/fake/520.png,whichfaceisreal
stargan/real/real/1696.jpg,real
styleclip/fake/02351.jpg,styleclip
starganv2/real/1597.jpg,real
starganv2/real/1829.jpg,real
styleclip/fake/02517.jpg,styleclip
CollabDiff/real/074344.jpg,real
MidJourney/MidJourney/real/47118.jpg,MidJourney
starganv2/fake/1934.jpg,starganv2
starganv2/real/646.jpg,real
stargan/fake/fake/1836.jpg,stargan
styleclip/real/188162.jpg,real
starganv2/fake/1574.jpg,starganv2
styleclip/fake/02002.jpg,styleclip
styleclip/fake/02273.jpg,styleclip
starganv2/real/1308.jpg,real
stargan/fake/fake/694.jpg,stargan
whichfaceisreal/real/00682.jpeg,real
styleclip/fake/02495.jpg,styleclip
MidJourney/MidJourney/real/19222.jpg,MidJourney
whichfaceisreal/real/00715.jpeg,real
stargan/real/real/1974.jpg,real
whichfaceisreal/real/00739.jpeg,real
starganv2/fake/1493.jpg,starganv2
CollabDiff/fake/952/000000_x_0.png,CollabDiff
whichfaceisreal/fake/619.png,whichfaceisreal
styleclip/fake/01285.jpg,styleclip
whichfaceisreal/fake/950.png,whichfaceisreal
CollabDiff/real/162647.jpg,real
styleclip/real/046158.jpg,real
styleclip/fake/02787.jpg,styleclip
stargan/real/real/1884.jpg,real
CollabDiff/real/051052.jpg,real
starganv2/real/1357.jpg,real
styleclip/real/002365.jpg,real
stargan/real/real/524.jpg,real
starganv2/fake/770.jpg,starganv2
CollabDiff/real/184508.jpg,real
styleclip/fake/01187.jpg,styleclip
stargan/real/real/201.jpg,real
starganv2/real/1254.jpg,real
stargan/fake/fake/969.jpg,stargan
starganv2/fake/1287.jpg,starganv2
stargan/fake/fake/459.jpg,stargan
starganv2/fake/1784.jpg,starganv2
starganv2/real/1761.jpg,real
starganv2/real/691.jpg,real
stargan/real/real/1219.jpg,real
styleclip/fake/01496.jpg,styleclip
starganv2/real/1003.jpg,real
MidJourney/MidJourney/fake/13592447708_Clean_East_Asian_female_face_face_only_shown_face_c_7e0b20c1-4ff7-4a71-8e0c-5d5c53a03718.png,MidJourney
CollabDiff/fake/266/000000_x_0.png,CollabDiff
stargan/fake/fake/1539.jpg,stargan
stargan/real/real/440.jpg,real
stargan/fake/fake/1048.jpg,stargan
whichfaceisreal/fake/186.png,whichfaceisreal
whichfaceisreal/real/00729.jpeg,real
styleclip/real/032111.jpg,real
starganv2/real/1604.jpg,real
starganv2/fake/1113.jpg,starganv2
CollabDiff/real/183095.jpg,real
stargan/fake/fake/365.jpg,stargan
styleclip/real/048391.jpg,real
whichfaceisreal/real/00025.jpeg,real
stargan/fake/fake/412.jpg,stargan
starganv2/real/1188.jpg,real
MidJourney/MidJourney/real/61977.jpg,MidJourney
starganv2/real/1755.jpg,real
CollabDiff/fake/158/000000_x_0.png,CollabDiff
styleclip/fake/00520.jpg,styleclip
styleclip/fake/02529.jpg,styleclip
styleclip/fake/02033.jpg,styleclip
styleclip/fake/00284.jpg,styleclip
CollabDiff/real/178474.jpg,real
whichfaceisreal/real/00107.jpeg,real
stargan/fake/fake/269.jpg,stargan
MidJourney/MidJourney/fake/13592447708_Caucasian_male_face_face_only_shown_close-up_of_fac_f844f62f-840a-4e2e-ba52-43eaf24cbd70.png,MidJourney
whichfaceisreal/fake/39.png,whichfaceisreal
MidJourney/MidJourney/real/19427.jpg,MidJourney
whichfaceisreal/fake/236.png,whichfaceisreal
starganv2/real/703.jpg,real
MidJourney/MidJourney/fake/13592447708_Caucasian_male_face_face_only_shown_face_close-up_f_7585324f-d53b-4262-9c44-51de7722138c.png,MidJourney
CollabDiff/real/053878.jpg,real
styleclip/real/079871.jpg,real
styleclip/real/071241.jpg,real
MidJourney/MidJourney/real/53230.jpg,MidJourney
styleclip/fake/02068.jpg,styleclip
whichfaceisreal/real/00364.jpeg,real
CollabDiff/real/166610.jpg,real
whichfaceisreal/fake/171.png,whichfaceisreal
MidJourney/MidJourney/real/68785.jpg,MidJourney
styleclip/fake/00861.jpg,styleclip
CollabDiff/fake/504/000000_x_0.png,CollabDiff
styleclip/fake/00450.jpg,styleclip
stargan/fake/fake/1736.jpg,stargan
whichfaceisreal/fake/444.png,whichfaceisreal
styleclip/fake/00475.jpg,styleclip
styleclip/fake/01749.jpg,styleclip
stargan/real/real/219.jpg,real
whichfaceisreal/fake/27.png,whichfaceisreal
styleclip/fake/00012.jpg,styleclip
stargan/fake/fake/1653.jpg,stargan
CollabDiff/fake/369/000000_x_0.png,CollabDiff
starganv2/real/1276.jpg,real
whichfaceisreal/real/00902.jpeg,real
whichfaceisreal/real/00139.jpeg,real
stargan/fake/fake/1101.jpg,stargan
whichfaceisreal/fake/658.png,whichfaceisreal
MidJourney/MidJourney/real/44775.jpg,MidJourney
starganv2/fake/1688.jpg,starganv2
starganv2/real/1865.jpg,real
styleclip/fake/01606.jpg,styleclip
starganv2/real/1389.jpg,real
starganv2/real/682.jpg,real
styleclip/fake/01380.jpg,styleclip
starganv2/fake/1610.jpg,starganv2
whichfaceisreal/fake/107.png,whichfaceisreal
styleclip/real/030953.jpg,real
starganv2/fake/1289.jpg,starganv2
stargan/real/real/848.jpg,real
whichfaceisreal/fake/916.png,whichfaceisreal
styleclip/real/061428.jpg,real
styleclip/fake/02315.jpg,styleclip
starganv2/real/836.jpg,real
CollabDiff/fake/12/000000_x_0.png,CollabDiff
whichfaceisreal/fake/195.png,whichfaceisreal
MidJourney/MidJourney/real/19591.jpg,MidJourney
starganv2/fake/1806.jpg,starganv2
stargan/fake/fake/1664.jpg,stargan
starganv2/fake/65.jpg,starganv2
starganv2/real/529.jpg,real
MidJourney/MidJourney/fake/13592447708_Clean_caucasian_female_face_face_only_shown_face_cl_1d803298-377d-4308-b08a-44cd5279bc14.png,MidJourney
styleclip/fake/01095.jpg,styleclip
starganv2/fake/164.jpg,starganv2
stargan/fake/fake/1224.jpg,stargan
styleclip/fake/00361.jpg,styleclip
styleclip/fake/01165.jpg,styleclip
CollabDiff/fake/90/000000_x_0.png,CollabDiff
whichfaceisreal/real/00084.jpeg,real
styleclip/real/089420.jpg,real
starganv2/real/1283.jpg,real
stargan/real/real/1075.jpg,real
starganv2/real/1172.jpg,real
stargan/real/real/812.jpg,real
MidJourney/MidJourney/real/55277.jpg,MidJourney
whichfaceisreal/fake/554.png,whichfaceisreal
MidJourney/MidJourney/fake/13592447708_Clean_East_Asian_male_face_face_only_shown_face_clo_559b0a62-6423-4855-ba19-f672dfcf208d.png,MidJourney
starganv2/real/40.jpg,real
whichfaceisreal/real/00929.jpeg,real
whichfaceisreal/real/00245.jpeg,real
CollabDiff/real/130640.jpg,real
stargan/real/real/1848.jpg,real
starganv2/fake/659.jpg,starganv2
starganv2/fake/1724.jpg,starganv2
starganv2/real/1529.jpg,real
styleclip/fake/01793.jpg,styleclip
styleclip/fake/01218.jpg,styleclip
stargan/real/real/1188.jpg,real
styleclip/fake/00620.jpg,styleclip
CollabDiff/real/190650.jpg,real
whichfaceisreal/fake/123.png,whichfaceisreal
starganv2/fake/1777.jpg,starganv2
starganv2/real/360.jpg,real
styleclip/fake/00262.jpg,styleclip
stargan/real/real/1310.jpg,real
stargan/fake/fake/1648.jpg,stargan
stargan/fake/fake/66.jpg,stargan
starganv2/fake/1238.jpg,starganv2
styleclip/fake/01635.jpg,styleclip
styleclip/fake/01305.jpg,styleclip
starganv2/real/840.jpg,real
MidJourney/MidJourney/fake/13592447708_Single_person_black_male_looking_at_the_camera_faci_b14c1b57-d34b-468d-9545-e1d3876390ed.png,MidJourney
styleclip/fake/01270.jpg,styleclip
styleclip/fake/00307.jpg,styleclip
stargan/real/real/976.jpg,real
styleclip/real/044172.jpg,real
starganv2/real/1555.jpg,real
CollabDiff/real/108574.jpg,real
whichfaceisreal/fake/35.png,whichfaceisreal
MidJourney/MidJourney/real/41930.jpg,MidJourney
styleclip/real/188448.jpg,real
stargan/real/real/1208.jpg,real
whichfaceisreal/real/00909.jpeg,real
starganv2/fake/1808.jpg,starganv2
styleclip/fake/01828.jpg,styleclip
CollabDiff/fake/992/000000_x_0.png,CollabDiff
styleclip/real/095856.jpg,real
stargan/fake/fake/35.jpg,stargan
stargan/real/real/987.jpg,real
stargan/real/real/423.jpg,real
CollabDiff/real/008899.jpg,real
stargan/fake/fake/1879.jpg,stargan
stargan/real/real/230.jpg,real
styleclip/fake/01903.jpg,styleclip
whichfaceisreal/real/00081.jpeg,real
MidJourney/MidJourney/real/58978.jpg,MidJourney
starganv2/real/1002.jpg,real
CollabDiff/fake/779/000000_x_0.png,CollabDiff
MidJourney/MidJourney/fake/13592447708_Clean_East_Asian_male_face_face_only_shown_face_clo_723bf8e8-8e2c-4684-a9d4-1c250785ccec.png,MidJourney
MidJourney/MidJourney/fake/13592447708_Single_person_East_Asian_woman_looking_at_the_camer_576e022d-e398-431b-9f6d-6d10a90d4efb.png,MidJourney
MidJourney/MidJourney/real/17629.jpg,MidJourney
styleclip/fake/01514.jpg,styleclip
starganv2/real/1400.jpg,real
MidJourney/MidJourney/real/62246.jpg,MidJourney
whichfaceisreal/fake/874.png,whichfaceisreal
styleclip/fake/00544.jpg,styleclip
starganv2/real/416.jpg,real
styleclip/fake/01644.jpg,styleclip
stargan/real/real/82.jpg,real
stargan/real/real/1942.jpg,real
whichfaceisreal/real/00059.jpeg,real
MidJourney/MidJourney/real/46983.jpg,MidJourney
styleclip/fake/02256.jpg,styleclip
starganv2/real/1405.jpg,real
whichfaceisreal/fake/704.png,whichfaceisreal
styleclip/fake/00551.jpg,styleclip
styleclip/fake/02013.jpg,styleclip
whichfaceisreal/fake/536.png,whichfaceisreal
stargan/real/real/1354.jpg,real
styleclip/fake/02378.jpg,styleclip
whichfaceisreal/real/00936.jpeg,real
stargan/real/real/1243.jpg,real
whichfaceisreal/real/00981.jpeg,real
starganv2/fake/243.jpg,starganv2
styleclip/fake/01316.jpg,styleclip
stargan/fake/fake/1193.jpg,stargan
stargan/fake/fake/1013.jpg,stargan
styleclip/real/010988.jpg,real
starganv2/fake/1829.jpg,starganv2
whichfaceisreal/real/00718.jpeg,real
MidJourney/MidJourney/fake/13592447708_Single_person_black_male_looking_at_the_camera_faci_83150228-970d-448d-92c2-3684c155e0ea.png,MidJourney
stargan/real/real/788.jpg,real
CollabDiff/fake/826/000000_x_0.png,CollabDiff
whichfaceisreal/real/00964.jpeg,real
stargan/fake/fake/685.jpg,stargan
whichfaceisreal/real/00064.jpeg,real
stargan/real/real/944.jpg,real
MidJourney/MidJourney/fake/13592447708_Single_person_South_Asian_male_looking_at_the_camer_b5b8c5b2-cbb3-49cc-b75c-428dbfb10122_04.gif,MidJourney
stargan/real/real/1162.jpg,real
stargan/real/real/1655.jpg,real
starganv2/fake/1792.jpg,starganv2
MidJourney/MidJourney/real/63970.jpg,MidJourney
starganv2/fake/376.jpg,starganv2
stargan/real/real/495.jpg,real
starganv2/fake/1028.jpg,starganv2
stargan/fake/fake/1886.jpg,stargan
styleclip/fake/00050.jpg,styleclip
styleclip/fake/00596.jpg,styleclip
starganv2/real/231.jpg,real
whichfaceisreal/fake/586.png,whichfaceisreal
starganv2/fake/1093.jpg,starganv2
CollabDiff/fake/351/000000_x_0.png,CollabDiff
styleclip/fake/01720.jpg,styleclip
styleclip/fake/01708.jpg,styleclip
CollabDiff/fake/227/000000_x_0.png,CollabDiff
starganv2/fake/151.jpg,starganv2
styleclip/fake/01318.jpg,styleclip
stargan/real/real/389.jpg,real
styleclip/fake/02016.jpg,styleclip
starganv2/fake/1114.jpg,starganv2
MidJourney/MidJourney/fake/13592447708_Single_person_South_Asian_female_looking_at_the_cam_7eeec282-c5d1-4af3-a7c8-201495128540_01.gif,MidJourney
styleclip/fake/00405.jpg,styleclip
whichfaceisreal/real/00777.jpeg,real
stargan/fake/fake/751.jpg,stargan
MidJourney/MidJourney/real/47807.jpg,MidJourney
stargan/fake/fake/1188.jpg,stargan
starganv2/fake/1580.jpg,starganv2
starganv2/fake/1938.jpg,starganv2
stargan/fake/fake/305.jpg,stargan
starganv2/fake/1532.jpg,starganv2
starganv2/real/396.jpg,real
starganv2/real/1766.jpg,real
MidJourney/MidJourney/fake/13592447708_Clean_East_Asian_male_face_face_only_shown_face_clo_a4d5a6b7-0065-4a26-a80f-a705fdb34cd9.png,MidJourney
styleclip/fake/02153.jpg,styleclip
starganv2/real/1036.jpg,real
stargan/real/real/1755.jpg,real
styleclip/fake/00091.jpg,styleclip
stargan/fake/fake/1712.jpg,stargan
styleclip/fake/01437.jpg,styleclip
styleclip/fake/00183.jpg,styleclip
styleclip/fake/00974.jpg,styleclip
CollabDiff/real/048992.jpg,real
stargan/real/real/1894.jpg,real
starganv2/real/1571.jpg,real
MidJourney/MidJourney/real/17004.jpg,MidJourney
styleclip/fake/00614.jpg,styleclip
starganv2/fake/356.jpg,starganv2
styleclip/real/104648.jpg,real
CollabDiff/real/004938.jpg,real
MidJourney/MidJourney/real/01226.jpg,MidJourney
MidJourney/MidJourney/fake/13592447708_Single_person_black_female_looking_at_the_camera_fa_13426409-0856-47c7-869b-43bba583a459.png,MidJourney
styleclip/fake/02716.jpg,styleclip
styleclip/fake/01185.jpg,styleclip
starganv2/real/1508.jpg,real
styleclip/fake/01073.jpg,styleclip
starganv2/fake/1671.jpg,starganv2
starganv2/fake/1415.jpg,starganv2
whichfaceisreal/real/00353.jpeg,real
stargan/real/real/958.jpg,real
styleclip/fake/00150.jpg,styleclip
starganv2/real/645.jpg,real
starganv2/real/1758.jpg,real
stargan/real/real/1957.jpg,real
styleclip/real/088137.jpg,real
styleclip/real/177248.jpg,real
styleclip/fake/00616.jpg,styleclip
whichfaceisreal/real/00119.jpeg,real
stargan/real/real/487.jpg,real
stargan/real/real/239.jpg,real
styleclip/real/201622.jpg,real
stargan/real/real/1116.jpg,real
MidJourney/MidJourney/fake/13592447708_south_asian_female_face_face_only_face_close-up_fac_30061e41-b2fa-498f-b9d3-4cd9ce07e43e_02.gif,MidJourney
whichfaceisreal/real/00671.jpeg,real
styleclip/fake/02709.jpg,styleclip
styleclip/real/004043.jpg,real
stargan/fake/fake/1133.jpg,stargan
styleclip/fake/02673.jpg,styleclip
styleclip/real/085043.jpg,real
stargan/real/real/140.jpg,real
stargan/real/real/346.jpg,real
CollabDiff/fake/231/000000_x_0.png,CollabDiff
styleclip/real/179999.jpg,real
styleclip/real/000286.jpg,real
CollabDiff/fake/584/000000_x_0.png,CollabDiff
styleclip/fake/00153.jpg,styleclip
CollabDiff/fake/450/000000_x_0.png,CollabDiff
whichfaceisreal/fake/566.png,whichfaceisreal
MidJourney/MidJourney/real/26452.jpg,MidJourney
stargan/real/real/1530.jpg,real
MidJourney/MidJourney/fake/13592447708_south_asian_female_face_face_only_face_close-up_fac_df87a934-25f4-4dcc-9654-4f826a7bf9eb_01.gif,MidJourney
stargan/real/real/1138.jpg,real
styleclip/fake/02366.jpg,styleclip
styleclip/real/048626.jpg,real
MidJourney/MidJourney/real/69878.jpg,MidJourney
starganv2/real/714.jpg,real
CollabDiff/fake/977/000000_x_0.png,CollabDiff
stargan/fake/fake/128.jpg,stargan
starganv2/real/51.jpg,real
MidJourney/MidJourney/fake/13592447708_Clean_caucasian_female_face_face_only_shown_face_cl_12f9d594-96a3-4cc9-9f56-48d4d9faf850.png,MidJourney
MidJourney/MidJourney/real/63451.jpg,MidJourney
starganv2/fake/832.jpg,starganv2
MidJourney/MidJourney/real/11654.jpg,MidJourney
MidJourney/MidJourney/fake/13592447708_Single_person_white_male_looking_at_the_camera_faci_e729a055-0dbf-4534-a6ed-e337b8a07b17.png,MidJourney
styleclip/fake/01573.jpg,styleclip
starganv2/fake/1896.jpg,starganv2
starganv2/fake/589.jpg,starganv2
whichfaceisreal/real/00124.jpeg,real
starganv2/real/1444.jpg,real
starganv2/fake/917.jpg,starganv2
MidJourney/MidJourney/fake/13592447708_Single_person_white_male_looking_at_the_camera_faci_089d22a2-9793-4e25-9604-533acc43d362.png,MidJourney
CollabDiff/fake/145/000000_x_0.png,CollabDiff
whichfaceisreal/fake/437.png,whichfaceisreal
styleclip/real/147382.jpg,real
stargan/fake/fake/759.jpg,stargan
stargan/fake/fake/1768.jpg,stargan
CollabDiff/real/073911.jpg,real
MidJourney/MidJourney/real/15131.jpg,MidJourney
starganv2/fake/459.jpg,starganv2
stargan/fake/fake/1344.jpg,stargan
starganv2/real/526.jpg,real
stargan/fake/fake/867.jpg,stargan
whichfaceisreal/real/00807.jpeg,real
stargan/fake/fake/306.jpg,stargan
stargan/real/real/1801.jpg,real
styleclip/fake/01882.jpg,styleclip
starganv2/fake/1279.jpg,starganv2
CollabDiff/fake/592/000000_x_0.png,CollabDiff
starganv2/real/881.jpg,real
CollabDiff/fake/753/000000_x_0.png,CollabDiff
whichfaceisreal/fake/939.png,whichfaceisreal
stargan/real/real/897.jpg,real
styleclip/fake/01017.jpg,styleclip
CollabDiff/real/132451.jpg,real
styleclip/fake/00537.jpg,styleclip
stargan/real/real/1171.jpg,real
CollabDiff/fake/984/000000_x_0.png,CollabDiff
MidJourney/MidJourney/real/52473.jpg,MidJourney
whichfaceisreal/real/00217.jpeg,real
starganv2/real/1448.jpg,real
styleclip/fake/00320.jpg,styleclip
stargan/fake/fake/1233.jpg,stargan
whichfaceisreal/real/00254.jpeg,real
whichfaceisreal/fake/210.png,whichfaceisreal
starganv2/real/1472.jpg,real
stargan/real/real/1041.jpg,real
CollabDiff/real/052994.jpg,real
MidJourney/MidJourney/fake/13592447708_Clean_East_Asian_female_face_face_only_shown_face_c_526fddbb-8979-4deb-89b4-46d6381957c9.png,MidJourney
CollabDiff/real/179461.jpg,real
stargan/real/real/174.jpg,real
whichfaceisreal/fake/751.png,whichfaceisreal
whichfaceisreal/real/00074.jpeg,real
starganv2/fake/1249.jpg,starganv2
styleclip/fake/02722.jpg,styleclip
CollabDiff/real/047459.jpg,real
CollabDiff/fake/950/000000_x_0.png,CollabDiff
starganv2/fake/956.jpg,starganv2
starganv2/real/824.jpg,real
starganv2/fake/298.jpg,starganv2
MidJourney/MidJourney/real/54742.jpg,MidJourney
stargan/real/real/119.jpg,real
whichfaceisreal/fake/997.png,whichfaceisreal
CollabDiff/fake/323/000000_x_0.png,CollabDiff
MidJourney/MidJourney/real/05835.jpg,MidJourney
stargan/real/real/916.jpg,real
starganv2/real/556.jpg,real
MidJourney/MidJourney/fake/13592447708_Clean_caucasian_female_face_face_only_shown_face_cl_6bf58e94-45b6-45a5-87e7-0f4c0c828adf.png,MidJourney
whichfaceisreal/fake/726.png,whichfaceisreal
MidJourney/MidJourney/fake/13592447708_Single_person_East_Asian_male_looking_at_the_camera_3c8bdfbc-90ca-49d5-83e9-59e316ab1cb7.png,MidJourney
stargan/fake/fake/495.jpg,stargan
MidJourney/MidJourney/fake/13592447708_south_asian_female_face_face_only_face_close-up_fac_0ce2e5a2-3d6c-4be7-97a7-b3dc298c4370_02.gif,MidJourney
CollabDiff/real/003709.jpg,real
starganv2/fake/172.jpg,starganv2
styleclip/fake/00377.jpg,styleclip
styleclip/fake/01482.jpg,styleclip
starganv2/fake/861.jpg,starganv2
styleclip/fake/02328.jpg,styleclip
styleclip/fake/01776.jpg,styleclip
stargan/real/real/1337.jpg,real
styleclip/fake/02452.jpg,styleclip
styleclip/fake/00094.jpg,styleclip
whichfaceisreal/fake/714.png,whichfaceisreal
whichfaceisreal/fake/786.png,whichfaceisreal
starganv2/real/1136.jpg,real
whichfaceisreal/real/00147.jpeg,real
stargan/fake/fake/1393.jpg,stargan
whichfaceisreal/real/00922.jpeg,real
starganv2/fake/1116.jpg,starganv2
styleclip/fake/01571.jpg,styleclip
whichfaceisreal/fake/540.png,whichfaceisreal
CollabDiff/fake/431/000000_x_0.png,CollabDiff
stargan/real/real/1039.jpg,real
stargan/fake/fake/1777.jpg,stargan
stargan/fake/fake/1947.jpg,stargan
starganv2/real/116.jpg,real
starganv2/real/1168.jpg,real
CollabDiff/fake/830/000000_x_0.png,CollabDiff
MidJourney/MidJourney/fake/13592447708_Single_person_East_Asian_woman_looking_at_the_camer_164c3937-9698-4a79-84df-e50e77ffbd97.png,MidJourney
stargan/fake/fake/952.jpg,stargan
stargan/real/real/1098.jpg,real
styleclip/fake/02821.jpg,styleclip
starganv2/real/139.jpg,real
starganv2/fake/1843.jpg,starganv2
CollabDiff/real/183248.jpg,real
starganv2/real/981.jpg,real
stargan/real/real/1557.jpg,real
MidJourney/MidJourney/real/15561.jpg,MidJourney
stargan/fake/fake/1299.jpg,stargan
starganv2/fake/644.jpg,starganv2
styleclip/fake/02236.jpg,styleclip
styleclip/real/188598.jpg,real
stargan/real/real/584.jpg,real
CollabDiff/fake/591/000000_x_0.png,CollabDiff
stargan/fake/fake/321.jpg,stargan
stargan/real/real/596.jpg,real
starganv2/fake/1460.jpg,starganv2
starganv2/fake/96.jpg,starganv2
whichfaceisreal/real/00932.jpeg,real
CollabDiff/real/106794.jpg,real
starganv2/real/1825.jpg,real
whichfaceisreal/fake/938.png,whichfaceisreal
stargan/fake/fake/1612.jpg,stargan
CollabDiff/real/124539.jpg,real
starganv2/real/162.jpg,real
styleclip/fake/02110.jpg,styleclip
stargan/fake/fake/283.jpg,stargan
starganv2/fake/1433.jpg,starganv2
MidJourney/MidJourney/real/17165.jpg,MidJourney
stargan/real/real/205.jpg,real
CollabDiff/fake/99/000000_x_0.png,CollabDiff
starganv2/real/1346.jpg,real
MidJourney/MidJourney/real/50353.jpg,MidJourney
styleclip/real/042578.jpg,real
stargan/real/real/1353.jpg,real
starganv2/real/8.jpg,real
CollabDiff/fake/996/000000_x_0.png,CollabDiff
starganv2/fake/1809.jpg,starganv2
styleclip/fake/00564.jpg,styleclip
stargan/real/real/1744.jpg,real
stargan/fake/fake/279.jpg,stargan
CollabDiff/fake/976/000000_x_0.png,CollabDiff
whichfaceisreal/fake/685.png,whichfaceisreal
stargan/fake/fake/179.jpg,stargan
stargan/real/real/572.jpg,real
whichfaceisreal/fake/877.png,whichfaceisreal
CollabDiff/real/002807.jpg,real
starganv2/fake/1609.jpg,starganv2
styleclip/fake/01992.jpg,styleclip
starganv2/real/643.jpg,real
stargan/real/real/1956.jpg,real
starganv2/fake/829.jpg,starganv2
starganv2/fake/1543.jpg,starganv2
MidJourney/MidJourney/fake/13592447708_Single_person_South_Asian_male_looking_at_the_camer_b5b8c5b2-cbb3-49cc-b75c-428dbfb10122_03.gif,MidJourney
starganv2/real/1852.jpg,real
CollabDiff/fake/616/000000_x_0.png,CollabDiff
stargan/real/real/72.jpg,real
stargan/fake/fake/1488.jpg,stargan
whichfaceisreal/fake/590.png,whichfaceisreal
whichfaceisreal/fake/699.png,whichfaceisreal
MidJourney/MidJourney/fake/13592447708_Single_person_white_male_looking_at_the_camera_faci_f4ff544e-cbcb-4128-a729-d54910d17de7.png,MidJourney
styleclip/real/078476.jpg,real
stargan/fake/fake/174.jpg,stargan
styleclip/fake/02494.jpg,styleclip
stargan/real/real/803.jpg,real
whichfaceisreal/real/00389.jpeg,real
stargan/real/real/79.jpg,real
whichfaceisreal/real/00458.jpeg,real
styleclip/fake/02395.jpg,styleclip
starganv2/real/202.jpg,real
MidJourney/MidJourney/real/25853.jpg,MidJourney
MidJourney/MidJourney/real/23397.jpg,MidJourney
styleclip/fake/00595.jpg,styleclip
CollabDiff/fake/577/000000_x_0.png,CollabDiff
styleclip/real/120556.jpg,real
MidJourney/MidJourney/real/60334.jpg,MidJourney
starganv2/fake/1354.jpg,starganv2
MidJourney/MidJourney/real/25507.jpg,MidJourney
whichfaceisreal/fake/0.png,whichfaceisreal
CollabDiff/fake/918/000000_x_0.png,CollabDiff
styleclip/fake/01504.jpg,styleclip
styleclip/real/097022.jpg,real
whichfaceisreal/real/00928.jpeg,real
starganv2/real/1386.jpg,real
CollabDiff/fake/797/000000_x_0.png,CollabDiff
CollabDiff/real/027178.jpg,real
starganv2/fake/427.jpg,starganv2
stargan/fake/fake/1580.jpg,stargan
starganv2/real/1921.jpg,real
whichfaceisreal/fake/571.png,whichfaceisreal
MidJourney/MidJourney/fake/13592447708_Single_person_white_male_looking_at_the_camera_faci_1025a834-403e-4e09-ae88-cd3287575dcf.png,MidJourney
stargan/fake/fake/48.jpg,stargan
styleclip/fake/02526.jpg,styleclip
styleclip/fake/00959.jpg,styleclip
starganv2/real/1352.jpg,real
styleclip/real/065114.jpg,real
starganv2/real/913.jpg,real
stargan/fake/fake/1792.jpg,stargan
CollabDiff/fake/387/000000_x_0.png,CollabDiff
starganv2/real/1591.jpg,real
CollabDiff/fake/744/000000_x_0.png,CollabDiff
whichfaceisreal/fake/124.png,whichfaceisreal
CollabDiff/fake/270/000000_x_0.png,CollabDiff
starganv2/fake/782.jpg,starganv2
styleclip/fake/01138.jpg,styleclip
starganv2/fake/77.jpg,starganv2
styleclip/real/132497.jpg,real
styleclip/fake/00562.jpg,styleclip
stargan/real/real/1714.jpg,real
MidJourney/MidJourney/fake/13592447708_Single_person_South_Asian_male_looking_at_the_camer_05e9f6e4-ad96-4c6e-86d4-b6aadb687223_01.gif,MidJourney
MidJourney/MidJourney/real/49902.jpg,MidJourney
MidJourney/MidJourney/fake/13592447708_Single_person_East_Asian_male_looking_at_the_camera_3317b463-3048-4ddf-9efb-4f4c3475b5fa.png,MidJourney
starganv2/fake/696.jpg,starganv2
stargan/fake/fake/1888.jpg,stargan
styleclip/fake/02164.jpg,styleclip
styleclip/real/073765.jpg,real
stargan/real/real/870.jpg,real
stargan/fake/fake/586.jpg,stargan
MidJourney/MidJourney/fake/13592447708_Clean_East_Asian_female_face_face_only_shown_face_c_26a5268a-9ac1-49d2-ac89-94afc64eb53e.png,MidJourney
CollabDiff/fake/806/000000_x_0.png,CollabDiff
MidJourney/MidJourney/fake/13592447708_Single_person_East_Asian_male_looking_at_the_camera_64fa2acf-61dd-45e4-83f0-350cadb0b298.png,MidJourney
stargan/real/real/1740.jpg,real
CollabDiff/real/015865.jpg,real
starganv2/fake/1217.jpg,starganv2
whichfaceisreal/real/00592.jpeg,real
MidJourney/MidJourney/real/26681.jpg,MidJourney
starganv2/fake/163.jpg,starganv2
starganv2/fake/370.jpg,starganv2
whichfaceisreal/fake/544.png,whichfaceisreal
starganv2/real/929.jpg,real
starganv2/fake/1266.jpg,starganv2
whichfaceisreal/real/00591.jpeg,real
whichfaceisreal/fake/607.png,whichfaceisreal
MidJourney/MidJourney/real/23407.jpg,MidJourney
stargan/fake/fake/1412.jpg,stargan
MidJourney/MidJourney/fake/13592447708_Single_person_East_Asian_male_looking_at_the_camera_6864e81e-7eed-426d-9723-eac8ef37bde2.png,MidJourney
whichfaceisreal/real/00685.jpeg,real
starganv2/fake/321.jpg,starganv2
stargan/fake/fake/1895.jpg,stargan
MidJourney/MidJourney/real/59490.jpg,MidJourney
whichfaceisreal/fake/396.png,whichfaceisreal
starganv2/real/1202.jpg,real
CollabDiff/fake/700/000000_x_0.png,CollabDiff
starganv2/fake/724.jpg,starganv2
CollabDiff/real/169324.jpg,real
stargan/real/real/434.jpg,real
CollabDiff/real/091270.jpg,real
stargan/real/real/877.jpg,real
styleclip/fake/00413.jpg,styleclip
MidJourney/MidJourney/fake/13592447708_Clean_caucasian_female_face_face_only_shown_face_cl_227ab464-5aaf-42ab-bedd-deeaa993905b.png,MidJourney
styleclip/fake/02701.jpg,styleclip
stargan/fake/fake/1941.jpg,stargan
starganv2/fake/1133.jpg,starganv2
whichfaceisreal/fake/633.png,whichfaceisreal
stargan/fake/fake/399.jpg,stargan
starganv2/real/36.jpg,real
starganv2/real/6.jpg,real
CollabDiff/real/059392.jpg,real
whichfaceisreal/real/00683.jpeg,real
stargan/fake/fake/863.jpg,stargan
styleclip/fake/00569.jpg,styleclip
stargan/fake/fake/407.jpg,stargan
styleclip/fake/01628.jpg,styleclip
styleclip/fake/01433.jpg,styleclip
styleclip/fake/02568.jpg,styleclip
stargan/fake/fake/1313.jpg,stargan
CollabDiff/fake/868/000000_x_0.png,CollabDiff
styleclip/real/087048.jpg,real
MidJourney/MidJourney/fake/13592447708_Single_person_South_Asian_female_looking_at_the_cam_a2c5c452-6e73-401f-b40c-77dd3bcbf512_04.gif,MidJourney
CollabDiff/real/013951.jpg,real
whichfaceisreal/real/00659.jpeg,real
stargan/real/real/738.jpg,real
styleclip/fake/01352.jpg,styleclip
starganv2/fake/207.jpg,starganv2
starganv2/real/240.jpg,real
styleclip/real/084261.jpg,real
starganv2/fake/1240.jpg,starganv2
whichfaceisreal/fake/308.png,whichfaceisreal
starganv2/fake/1743.jpg,starganv2
stargan/fake/fake/853.jpg,stargan
MidJourney/MidJourney/real/21194.jpg,MidJourney
MidJourney/MidJourney/fake/13592447708_Caucasian_male_face_face_only_shown_face_close-up_f_02b562c7-214e-40cc-bf01-e856b7237822.png,MidJourney
starganv2/real/852.jpg,real
starganv2/fake/1643.jpg,starganv2
stargan/real/real/690.jpg,real
stargan/fake/fake/707.jpg,stargan
stargan/fake/fake/358.jpg,stargan
styleclip/fake/00865.jpg,styleclip
starganv2/real/570.jpg,real
starganv2/real/1116.jpg,real
stargan/real/real/569.jpg,real
styleclip/fake/01475.jpg,styleclip
styleclip/fake/01031.jpg,styleclip
CollabDiff/fake/550/000000_x_0.png,CollabDiff
styleclip/fake/00096.jpg,styleclip
whichfaceisreal/fake/843.png,whichfaceisreal
styleclip/fake/02677.jpg,styleclip
MidJourney/MidJourney/real/18088.jpg,MidJourney
MidJourney/MidJourney/real/19368.jpg,MidJourney
MidJourney/MidJourney/fake/13592447708_Single_person_white_male_looking_at_the_camera_faci_4d1f1088-4b14-4cd4-b386-482a168386ae.png,MidJourney
starganv2/real/328.jpg,real
whichfaceisreal/fake/11.png,whichfaceisreal
stargan/real/real/694.jpg,real
whichfaceisreal/fake/81.png,whichfaceisreal
styleclip/fake/02345.jpg,styleclip
CollabDiff/fake/420/000000_x_0.png,CollabDiff
stargan/fake/fake/235.jpg,stargan
whichfaceisreal/real/00068.jpeg,real
starganv2/fake/1095.jpg,starganv2
styleclip/fake/00819.jpg,styleclip
whichfaceisreal/real/00472.jpeg,real
CollabDiff/fake/284/000000_x_0.png,CollabDiff
CollabDiff/fake/728/000000_x_0.png,CollabDiff
stargan/fake/fake/1681.jpg,stargan
CollabDiff/fake/404/000000_x_0.png,CollabDiff
MidJourney/MidJourney/fake/13592447708_Single_person_black_male_looking_at_the_camera_faci_8cfc2ea6-2c1b-4bae-be16-e4e866b9bc94.png,MidJourney
starganv2/real/319.jpg,real
starganv2/real/150.jpg,real
whichfaceisreal/real/00003.jpeg,real
starganv2/real/1363.jpg,real
stargan/fake/fake/1249.jpg,stargan
CollabDiff/fake/7/000000_x_0.png,CollabDiff
CollabDiff/real/127229.jpg,real
whichfaceisreal/real/00897.jpeg,real
starganv2/fake/750.jpg,starganv2
styleclip/fake/01977.jpg,styleclip
styleclip/fake/01972.jpg,styleclip
starganv2/real/597.jpg,real
whichfaceisreal/real/00066.jpeg,real
styleclip/fake/01712.jpg,styleclip
styleclip/fake/02538.jpg,styleclip
starganv2/real/272.jpg,real
styleclip/fake/01800.jpg,styleclip
starganv2/real/208.jpg,real
whichfaceisreal/real/00374.jpeg,real
MidJourney/MidJourney/fake/13592447708_south_asian_female_face_face_only_face_close-up_fac_3fb50053-4056-419d-b0de-4004ba46ed7a_04.gif,MidJourney
MidJourney/MidJourney/real/65706.jpg,MidJourney
stargan/fake/fake/1877.jpg,stargan
MidJourney/MidJourney/real/56205.jpg,MidJourney
starganv2/real/1781.jpg,real
whichfaceisreal/fake/739.png,whichfaceisreal
MidJourney/MidJourney/real/51083.jpg,MidJourney
MidJourney/MidJourney/real/02285.jpg,MidJourney
MidJourney/MidJourney/real/50416.jpg,MidJourney
starganv2/fake/1077.jpg,starganv2
starganv2/fake/737.jpg,starganv2
stargan/real/real/1181.jpg,real
CollabDiff/fake/865/000000_x_0.png,CollabDiff
starganv2/real/213.jpg,real
whichfaceisreal/real/00195.jpeg,real
stargan/real/real/1237.jpg,real
styleclip/fake/00775.jpg,styleclip
stargan/fake/fake/602.jpg,stargan
styleclip/fake/01190.jpg,styleclip
starganv2/fake/605.jpg,starganv2
starganv2/fake/1365.jpg,starganv2
stargan/fake/fake/978.jpg,stargan
styleclip/fake/00038.jpg,styleclip
starganv2/real/1442.jpg,real
starganv2/fake/1795.jpg,starganv2
MidJourney/MidJourney/real/19840.jpg,MidJourney
styleclip/fake/01158.jpg,styleclip
starganv2/fake/1264.jpg,starganv2
MidJourney/MidJourney/fake/13592447708_Single_person_black_male_looking_at_the_camera_faci_94286d90-adce-4120-a532-9c66006624f1.png,MidJourney
stargan/real/real/1966.jpg,real
